%time,field.header.seq,field.header.stamp,field.header.frame_id,field.pose.position.x,field.pose.position.y,field.pose.position.z,field.pose.orientation.x,field.pose.orientation.y,field.pose.orientation.z,field.pose.orientation.w
1681349270016705351,0,1497705853868016000,map,1.8052928447723389,-0.04188039153814316,-0.006417982745915651,0.0001318844899706015,-0.0015079696088202694,0.01007532281071032,0.9999480979086482
1681349270130636487,0,1497705853972875000,map,1.9242346286773682,-0.036026496440172195,-0.0009159481851384044,0.0002794085000292867,-0.0031066152089281934,0.010455580667555744,0.9999404755400305
1681349270229502406,0,1497705854077707000,map,2.095569610595703,-0.029229482635855675,-0.014505547471344471,0.0004785154090232305,-0.005869111785893412,0.010806019677593062,0.9999242619801084
1681349270327846983,0,1497705854182558000,map,2.249342918395996,-0.03856349363923073,-0.009240946732461452,0.0006001534070327342,-0.007006563618466315,0.011680557821650452,0.9999070347846265
1681349270439825620,0,1497705854287386000,map,2.4021642208099365,-0.04992237687110901,-0.007162949535995722,0.00032272755998412605,-0.005939026063519809,0.013248056612033857,0.9998945538239443
1681349270540740341,0,1497705854392251000,map,2.5255255699157715,-0.04873552918434143,-0.0016978495987132192,-3.787193366276752e-05,-0.0032560947736376728,0.013618621156376947,0.9999019604546294
1681349270642147437,0,1497705854497081000,map,2.684462547302246,-0.03752104565501213,-0.003933114930987358,-0.00011716794692506645,-0.00263553215226001,0.013004510324799644,0.9999119749666247
1681349270857416349,0,1497705854706773000,map,2.9762792587280273,-0.039012420922517776,-0.008584907278418541,0.001211100546734003,-0.011535352667932468,0.013760071727658781,0.9998380336130094
1681349270990326806,0,1497705854811620000,map,3.1092119216918945,-0.04898272454738617,-0.006330886855721474,0.0009535933816738399,-0.011353149211448319,0.014024302717719678,0.9998367444529346
1681349271073274103,0,1497705854916457000,map,3.263385057449341,-0.04203638434410095,0.001956634223461151,0.0011728959177205575,-0.01114333694748347,0.0146763606066689,0.9998295087317255
1681349271204158630,0,1497705855021275000,map,3.4060604572296143,-0.040160395205020905,-0.0004614934732671827,0.00040452637779727306,-0.00788197499254535,0.015295645149397984,0.9998518640350205
1681349271431346854,0,1497705855230957000,map,3.7078323364257812,-0.045073989778757095,-0.0007356193382292986,0.0004724210066431603,-0.008324657753453321,0.016795814092977156,0.9998241657402304
1681349271481488327,0,1497705855335802000,map,3.8646044731140137,-0.044273924082517624,0.011963470838963985,0.0006006599854000512,-0.00668998034440016,0.01695940632411235,0.9998336146932355
1681349271582044943,0,1497705855440657000,map,4.010281562805176,-0.035743407905101776,0.01075715571641922,0.0007179115648367565,-0.006417659554148576,0.01762679778219827,0.9998237931456162
1681349271722326730,0,1497705855545474000,map,4.154016017913818,-0.033707596361637115,0.012211552821099758,0.00021635720748230033,-0.007029429694985219,0.019233574239285938,0.9997902814181578
1681349271793442196,0,1497705855650316000,map,4.30708646774292,-0.02848559245467186,0.0004612915508914739,0.000905265422169514,-0.006424962477653363,0.02074768322167253,0.9997636992690926
1681349271906029526,0,1497705855755142000,map,4.469089984893799,-0.022004570811986923,0.007430138997733593,0.0001117289584729463,-0.0005947345487275867,0.020093316106484963,0.9997979198360151
1681349272016259299,0,1497705855860005000,map,4.60770320892334,-0.027809692546725273,0.03858859837055206,9.172385761949544e-06,-0.006917983623630196,0.02110993735626239,0.9997532212219085
1681349272138567331,0,1497705855964863000,map,4.708686828613281,-0.02713979035615921,0.0036652598064392805,0.00034243143838207617,-0.009614416515491508,0.023525716540916505,0.9996769353434148
1681349272370784069,0,1497705856174528000,map,5.042773246765137,-0.008670883253216743,0.006440190598368645,7.702822137637834e-05,-0.00718202812776114,0.023990262765769613,0.9996863856880295
1681349272432356111,0,1497705856279387000,map,5.2240519523620605,-0.011189348064363003,0.014715182594954967,-4.9878589351939917e-05,-0.006027875747778953,0.024519353008105645,0.9996811760848162
1681349272573257912,0,1497705856384202000,map,5.365517616271973,0.0002400918019702658,0.012351996265351772,-0.0003841724724987479,-0.003155504680721474,0.02553128536079037,0.9996689680670725
1681349272637881234,0,1497705856489065000,map,5.511281490325928,0.0013139017391949892,0.010945610702037811,-0.0002937808508102169,-0.002578743115971906,0.02588612585241377,0.9996615224445987
1681349272777547640,0,1497705856593897000,map,5.6402812004089355,0.0037347679026424885,0.00464281253516674,-0.0008343643064897344,0.00036075783099637297,0.026407886187680436,0.9996508271841422
1681349272852279683,0,1497705856698669000,map,5.778176307678223,0.008559525944292545,0.001079608453437686,-0.0011086846268185185,0.0022347210219161385,0.02767486911725519,0.9996138587126623
1681349272978511822,0,1497705856803580000,map,5.934664249420166,0.012674037367105484,-0.004643165040761232,-0.001412389676137307,0.006907970631171621,0.029002263700148405,0.999554460335636
1681349273067863927,0,1497705856908407000,map,6.067441463470459,0.02491714060306549,-0.012806541286408901,-0.0020445879898879304,0.007401544292776428,0.029153066250243883,0.999545455981939
1681349273163841800,0,1497705857013266000,map,6.209571361541748,0.03544803708791733,-0.023141823709011078,-0.002489033130921406,0.006980165814726997,0.029192232815674086,0.9995463280959028
1681349273261887202,0,1497705857118089000,map,6.366395950317383,0.03560705482959747,-0.03331707790493965,-0.0036720763640232753,0.003890700032790174,0.029369309814365564,0.9995542963497873
1681349273403164286,0,1497705857222943000,map,6.513315677642822,0.04063457250595093,-0.029959984123706818,-0.0025533230670307613,0.004325248206582582,0.030233288765580294,0.999530242315932
1681349273478426930,0,1497705857327775000,map,6.663675308227539,0.05078275501728058,-0.028748804703354836,-0.003329204328829881,0.005268439626802748,0.030800767572917137,0.9995060982520512
1681349273601516464,0,1497705857432611000,map,6.813446521759033,0.054427821189165115,-0.029103774577379227,-0.003184340811487038,0.007018890988185546,0.03127368256486499,0.9994811485248349
1681349273727906352,0,1497705857537452000,map,6.972565174102783,0.06445928663015366,-0.03145245462656021,-0.004460467701858331,0.00790069645258657,0.031033152811397152,0.9994771827504458
1681349273788662596,0,1497705857642284000,map,7.153956890106201,0.04745548963546753,-0.02984943985939026,-0.004718823060540183,0.01028906181867354,0.025575365071120973,0.9996087903479074
1681349273891067869,0,1497705857747156000,map,7.27613639831543,0.03939497470855713,-0.03528299182653427,-0.005277202929740081,0.008447407114010357,0.01232808755675999,0.9998743902233891
1681349274039406186,0,1497705857851985000,map,7.395937442779541,0.0001616587833268568,-0.04641702026128769,-0.005778106799037259,0.007555496901385246,6.214839181147664e-05,0.9999547590512438
1681349274103373289,0,1497705857956807000,map,7.51355504989624,-0.019342469051480293,-0.04541923850774765,-0.0062373289129342875,0.005584001252596537,-0.01414194619983803,0.9998649565588958
1681349274253145433,0,1497705858061679000,map,7.611240863800049,0.0036877579987049103,-0.04915168508887291,-0.007707027315899902,0.005821793247992355,-0.026276526692371547,0.9996080449979818
1681349274313063809,0,1497705858166485000,map,7.741356372833252,0.012508530169725418,-0.062082186341285706,-0.006620985658775797,0.006337429618627137,-0.03538589450580826,0.9993316831141439
1681349274564553642,0,1497705858376189000,map,8.058619499206543,0.029883790761232376,-0.048855509608983994,-0.009036206740314466,0.0043239681804783155,-0.040212350303979426,0.9991409366901581
1681349274625570314,0,1497705858481025000,map,8.219873428344727,0.00965359341353178,-0.07247565686702728,-0.009222477737518253,0.0033895962750405775,-0.03947428721983472,0.9991722779133658
1681349274787853769,0,1497705858585865000,map,8.35620403289795,-0.007868307642638683,-0.06960245966911316,-0.00912018391519708,0.002509880112731414,-0.04002202713638596,0.9991540236159697
1681349274838733701,0,1497705858690691000,map,8.501644134521484,-0.017070550471544266,-0.06969369202852249,-0.00944435208647665,0.0015908214458353939,-0.03986159033754856,0.9991593030793974
1681349275095289673,0,1497705858900379000,map,8.806180953979492,-0.06566794216632843,-0.06263171136379242,-0.008847099806186958,0.004558370250626259,-0.037683202506129394,0.9992401618840654
1681349275151042432,0,1497705859005222000,map,8.951507568359375,-0.07513655722141266,-0.0737772211432457,-0.007926372078105459,0.006844989640253719,-0.038134033300514486,0.9992177407003857
1681349275304523901,0,1497705859110065000,map,9.107242584228516,-0.09365707635879517,-0.07312625646591187,-0.007928743497542736,0.010108214937767765,-0.037815315784018394,0.9992021417616986
1681349275363693652,0,1497705859214903000,map,9.263991355895996,-0.09770143032073975,-0.08843839168548584,-0.008345330735688845,0.009652887116432186,-0.037472605624540044,0.9992161748523353
1681349275618366687,0,1497705859424589000,map,9.532613754272461,-0.14848053455352783,-0.09605112671852112,-0.006996214496512564,0.004773134928758018,-0.036306991111371145,0.9993047756240331
1681349275677507584,0,1497705859529426000,map,9.68236255645752,-0.1265912652015686,-0.0882960855960846,-0.0064626095940202915,0.016003927223321356,-0.036150826980951845,0.9991972800924087
1681349275824006632,0,1497705859634281000,map,9.838406562805176,-0.16262811422348022,-0.11317463219165802,-0.006900543749097566,0.01751897054059662,-0.03537300950688763,0.9991967730457831
1681349275909991800,0,1497705859739107000,map,9.958635330200195,-0.16543997824192047,-0.11496460437774658,-0.006654467476945269,0.01448268566207939,-0.034678107796044196,0.9992714254350411
1681349276003754686,0,1497705859843954000,map,10.115438461303711,-0.1746695190668106,-0.11989632248878479,-0.005963750737181227,0.014490273246991377,-0.03450079699956516,0.9992818265188477
1681349276133520542,0,1497705859948790000,map,10.255393981933594,-0.19134065508842468,-0.12577436864376068,-0.006148156083684437,0.013602671535930621,-0.03451601715059412,0.9992926524781907
1681349276204843048,0,1497705860053559000,map,10.397891998291016,-0.21204687654972076,-0.13468195497989655,-0.006312663029681993,0.014303255917440373,-0.0337696599828368,0.9993073254920767
1681349276439663745,0,1497705860263304000,map,10.709049224853516,-0.2472790777683258,-0.14154444634914398,-0.005961836974542993,0.014529577978148332,-0.0326938807562863,0.9993419941049604
1681349276514439000,0,1497705860368147000,map,10.854477882385254,-0.2540438175201416,-0.14619626104831696,-0.0063888498152017284,0.014633025292264047,-0.03232618972079061,0.9993498148795401
1681349276774465181,0,1497705860577834000,map,11.152302742004395,-0.2778520882129669,-0.15858712792396545,-0.005668352917265617,0.010649666708760554,-0.030510669333074964,0.9994616474977116
1681349276987442243,0,1497705860787570000,map,11.476167678833008,-0.31785380840301514,-0.16429652273654938,-0.00722298783722917,0.007843617222628683,-0.029527629710296082,0.9995070822141865
1681349277057158041,0,1497705860892357000,map,11.621975898742676,-0.32925790548324585,-0.168003112077713,-0.007444257589869287,0.008251388739644799,-0.028586579052756734,0.9995295416319587
1681349277181151654,0,1497705860997203000,map,11.750848770141602,-0.34156525135040283,-0.16899599134922028,-0.0077428710253503435,0.008805936292584395,-0.027703763685782562,0.9995473865579819
1681349277254136024,0,1497705861102059000,map,11.887506484985352,-0.3538125455379486,-0.17205031216144562,-0.0067031642857907,0.011339973117574089,-0.027656596772153593,0.9995306895607645
1681349277503118633,0,1497705861311728000,map,12.17099380493164,-0.3763943314552307,-0.17569231986999512,-0.006785170998122543,0.009770737340659044,-0.026582124785622427,0.9995758528043237
1681349277563312546,0,1497705861416564000,map,12.34396743774414,-0.3873133659362793,-0.1846853643655777,-0.005989328006222348,0.012271150669118104,-0.025540910847709285,0.9995805113822683
1681349277703164544,0,1497705861521420000,map,12.488661766052246,-0.39382317662239075,-0.19864818453788757,-0.006511229674796177,0.01143094004082609,-0.026015941319198328,0.9995749583548738
1681349277777954844,0,1497705861626262000,map,12.625243186950684,-0.4078149199485779,-0.19369274377822876,-0.006140193639672629,0.012533567689378305,-0.02550041609467234,0.99957735845909
1681349278036890752,0,1497705861835937000,map,12.921262741088867,-0.4359636902809143,-0.20834554731845856,-0.0060415930917839845,0.011148347570259723,-0.02353783929346126,0.9996425317569931
1681349278086503180,0,1497705861940765000,map,13.064681053161621,-0.4389629662036896,-0.21638250350952148,-0.006019991148624561,0.010335121666665987,-0.023630552764391112,0.9996492023889179
1681349278226171353,0,1497705862045605000,map,13.203926086425781,-0.4494127631187439,-0.21047890186309814,-0.006036995695552494,0.01095353519713694,-0.023243518272789292,0.9996515799553465
1681349278307779214,0,1497705862150428000,map,13.342820167541504,-0.4550122320652008,-0.22200928628444672,-0.006239561088167223,0.010436987849736047,-0.02244407880684865,0.9996741330158508
1681349278515965268,0,1497705862360127000,map,13.658178329467773,-0.49834251403808594,-0.22724656760692596,-0.005496016618591189,0.011002925035874083,-0.02106524639163343,0.9997024540499686
1681349278611130464,0,1497705862464961000,map,13.79780101776123,-0.4987896978855133,-0.22822192311286926,-0.005093469148227339,0.012147300113107929,-0.02074022513880153,0.9996981016063762
1681349278712520899,0,1497705862569799000,map,13.957218170166016,-0.5141173601150513,-0.241468146443367,-0.005384786320872479,0.012077915669018053,-0.020239308649057403,0.9997077008060957
1681349278823133972,0,1497705862674635000,map,14.108956336975098,-0.5338219404220581,-0.24863795936107635,-0.00482239001712003,0.013280333138030155,-0.019505603896955197,0.9997099068203353
1681349278924018289,0,1497705862779514000,map,14.270243644714355,-0.538934051990509,-0.26015350222587585,-0.0042654140676833,0.01635415152291996,-0.01905337877792532,0.9996756012576021
1681349279034834145,0,1497705862884348000,map,14.425156593322754,-0.5479263663291931,-0.25993773341178894,-0.0037752687650200035,0.014083844756257624,-0.018358723568312058,0.9997251326574933
1681349279135101308,0,1497705862989168000,map,14.573649406433105,-0.5668745636940002,-0.25541117787361145,-0.004759354545911469,0.012355204471699393,-0.016797360874479222,0.9997712410103368
1681349279260549250,0,1497705863094017000,map,14.73457145690918,-0.5683251619338989,-0.27233248949050903,-0.003422940911944945,0.013226691162412957,-0.016153893934865552,0.9997761595065852
1681349279347912783,0,1497705863198849000,map,14.868158340454102,-0.5856912732124329,-0.26201221346855164,-0.0035431056636257537,0.012956085801291007,-0.016177224349160954,0.9997789093825781
1681349279448526067,0,1497705863303691000,map,15.024325370788574,-0.5864039063453674,-0.27829816937446594,-0.0032031338444380064,0.015271215097180135,-0.015732645068405098,0.999754450870402
1681349279559493232,0,1497705863408525000,map,15.176040649414062,-0.6022353768348694,-0.28113853931427,-0.0029023396363581705,0.01730032305031023,-0.015013947547451974,0.9997333975889805
1681349279660080428,0,1497705863513372000,map,15.321117401123047,-0.5988667607307434,-0.29497718811035156,-0.0025932903344916907,0.017372194281960136,-0.014498196167300454,0.9997406041957488
1681349279760897050,0,1497705863618206000,map,15.460899353027344,-0.6006550788879395,-0.2929791808128357,-0.002147955877369688,0.017715384821895292,-0.014877176366454385,0.9997300662857714
1681349279878265822,0,1497705863723041000,map,15.615163803100586,-0.6122995615005493,-0.3220793902873993,-0.003012279636808081,0.016328644233058565,-0.014387413945311824,0.9997586093068292
1681349280014243545,0,1497705863827888000,map,15.744848251342773,-0.6218444108963013,-0.3114728331565857,-0.00289398779778705,0.014513103466336956,-0.013427671478464265,0.9998003194049936
1681349280087092033,0,1497705863932731000,map,15.904003143310547,-0.6287158727645874,-0.3132838308811188,-0.0022319482816836765,0.018138300260639593,-0.012873329208523602,0.9997501210105081
1681349280186785132,0,1497705864037582000,map,16.05874252319336,-0.627890944480896,-0.3263755738735199,-0.0028320437275976425,0.019382680228284356,-0.0125424432758291,0.9997294626256126
1681349280324945250,0,1497705864142411000,map,16.196691513061523,-0.6338974833488464,-0.3301277160644531,-0.0026047373510888865,0.017178210594267326,-0.0119404423107838,0.9997777617387744
1681349280432270729,0,1497705864247250000,map,16.329124450683594,-0.6460896134376526,-0.3344956934452057,-0.002475159675135436,0.015775591548780644,-0.011404365056497664,0.9998074584612534
1681349280502831046,0,1497705864352092000,map,16.47648048400879,-0.6658929586410522,-0.3389894962310791,-0.002361130467000904,0.01397069788829811,-0.011084736465464371,0.9998381677451761
1681349280637861618,0,1497705864456941000,map,16.62181854248047,-0.6746684908866882,-0.35786932706832886,-0.0022211930922673567,0.01384725854425052,-0.011344491418217438,0.9998372958857712
1681349280710846294,0,1497705864561771000,map,16.75787925720215,-0.6817964911460876,-0.3509770929813385,-0.0025288995124234533,0.014116797477614438,-0.010825338070760103,0.9998385403344334
1681349280847025309,0,1497705864666623000,map,16.906333923339844,-0.6946004629135132,-0.362726092338562,-0.0021746852796284935,0.013821291329304316,-0.010124232113317758,0.9998508431537284
1681349280926325812,0,1497705864771459000,map,17.06467056274414,-0.6928525567054749,-0.36573418974876404,-0.0022146822889567005,0.013501135773449415,-0.0094595917154124,0.9998616480488451
1681349281055518579,0,1497705864876290000,map,17.222986221313477,-0.7013165354728699,-0.3830878734588623,-0.002329341283175426,0.014528684513165135,-0.008904833459190215,0.9998521024888948
1681349281141114798,0,1497705864981142000,map,17.379619598388672,-0.6995678544044495,-0.38086509704589844,-0.0019202347688250178,0.015038215758731007,-0.008101137070468188,0.9998522515225373
1681349281269041905,0,1497705865085964000,map,17.535043716430664,-0.7090192437171936,-0.3838491141796112,-0.0020516874152040313,0.013030537232471223,-0.007052363527283639,0.9998881232741363
1681349281494728744,0,1497705865295674000,map,17.833831787109375,-0.722586452960968,-0.4020335376262665,-0.0019679180421481265,0.012364243287338596,-0.006832516628710909,0.9998982645974835
1681349281573321081,0,1497705865400503000,map,17.971332550048828,-0.736748993396759,-0.39568305015563965,-0.0019552829416216405,0.011060439907470047,-0.006154701324936514,0.9999179508404343
1681349281677369294,0,1497705865505363000,map,18.114971160888672,-0.7502124309539795,-0.4104578495025635,-0.0013893003992021618,0.01231142860926334,-0.004764312423699629,0.9999118855517828
1681349281770264444,0,1497705865610148000,map,18.2586727142334,-0.7599403262138367,-0.4128565192222595,-0.0009580735002180646,0.012627714841046694,-0.004210187227345939,0.9999109392442158
1681349281977623877,0,1497705865819846000,map,18.565345764160156,-0.7738147377967834,-0.4296880066394806,-0.0011364783551554508,0.01472089679642958,-0.0039166549871108925,0.9998833021975024
1681349282109284493,0,1497705865924718000,map,18.71231460571289,-0.7768160700798035,-0.4316917657852173,-0.0005013969386885349,0.013769419787595773,-0.0031636926064007856,0.9999000380145124
1681349282187698721,0,1497705866029545000,map,18.873382568359375,-0.7701971530914307,-0.43876218795776367,-0.0006155893447239846,0.014392853362892892,-0.003318939828791637,0.9998907014601384
1681349282324814089,0,1497705866134385000,map,19.009666442871094,-0.7751582264900208,-0.4436452388763428,-0.00022373703805266912,0.015462796894404572,-0.003050499770365715,0.9998757613014998
1681349282544164713,0,1497705866344071000,map,19.30756378173828,-0.7977535128593445,-0.44685715436935425,0.0005268071959188294,0.015142153281377118,-0.0008472492428759323,0.9998848446464969
1681349282595249382,0,1497705866448917000,map,19.45954132080078,-0.8060590028762817,-0.4639464318752289,0.00010259714160635065,0.013080638340246342,-0.0012447300264767367,0.9999136738471017
1681349282888660128,0,1497705866658576000,map,19.745407104492188,-0.825651228427887,-0.47503724694252014,0.0007555996887070141,0.01500746275312931,0.0007416609268825329,0.9998868118243706
1681349282908031831,0,1497705866763452000,map,19.900161743164062,-0.8317321538925171,-0.4834449887275696,0.0018737002461036258,0.014685014473115796,0.0017358266035084724,0.999888905672325
1681349283059934777,0,1497705866868272000,map,20.04427719116211,-0.841367781162262,-0.4929150938987732,0.0022865258078625375,0.01439331660416874,0.0018935930708053955,0.9998920054534172
1681349283120692096,0,1497705866973110000,map,20.188430786132812,-0.843253493309021,-0.49566319584846497,0.0026460093281631923,0.014845664657681995,0.0024050806836906583,0.9998834065177993
1681349283263402630,0,1497705867077963000,map,20.344013214111328,-0.8325070738792419,-0.5022220015525818,0.0022078818911275633,0.013995296185202748,0.0033347895887854465,0.9998940694850166
1681349283335413037,0,1497705867182795000,map,20.513864517211914,-0.8388350009918213,-0.5098395347595215,0.002478816225434245,0.014520103334050656,0.004504605288320693,0.999881357367118
1681349283464959982,0,1497705867287629000,map,20.651390075683594,-0.83871990442276,-0.5109103322029114,0.0023184158647272853,0.014342968054506744,0.004727739889890471,0.9998832723917013
1681349283555453065,0,1497705867392468000,map,20.804927825927734,-0.8409544229507446,-0.5235952734947205,0.002002000677437686,0.01373558925440106,0.0055940930465363395,0.9998880115029165
1681349283672641719,0,1497705867497325000,map,20.951642990112305,-0.8396337628364563,-0.5210895538330078,0.0015503541158151076,0.014696546310355812,0.0059806146610211965,0.9998729148220177
1681349283909121200,0,1497705867706993000,map,21.239540100097656,-0.8416404128074646,-0.5320817232131958,0.0010525016524550945,0.013722001028601728,0.0062428949611473515,0.9998858133330547
1681349283990241091,0,1497705867811820000,map,21.389808654785156,-0.8401732444763184,-0.5385745763778687,0.0011108551662312527,0.015191670015669612,0.00654176176682149,0.9998625869514586
1681349284086201300,0,1497705867916678000,map,21.537607192993164,-0.8318363428115845,-0.5453832149505615,0.0010132680307275356,0.015845115115900737,0.007020011420613863,0.9998493081039841
1681349284192813833,0,1497705868021534000,map,21.68468475341797,-0.8359602689743042,-0.5517678260803223,0.0014912941688282214,0.015562327021785298,0.00759334395677433,0.9998489578738579
1681349284284267367,0,1497705868126339000,map,21.832233428955078,-0.8365759253501892,-0.5567871332168579,0.0010668076476968683,0.015844824464286245,0.00728318896315163,0.9998473706591948
1681349284413218783,0,1497705868231212000,map,21.981796264648438,-0.8299848437309265,-0.5620067119598389,0.0011512452260968597,0.01612644775113702,0.008163701658204103,0.9998359620139283
1681349284488500418,0,1497705868336048000,map,22.124156951904297,-0.8317713141441345,-0.57185298204422,0.0009900354957733334,0.015905663292141246,0.008843282030234899,0.9998338904105549
1681349284740593680,0,1497705868545719000,map,22.42778968811035,-0.8242658972740173,-0.5896157622337341,0.001740765019968792,0.01645098166183873,0.011308636326654842,0.9997991941419972
1681349284955035009,0,1497705868755397000,map,22.707975387573242,-0.8205106258392334,-0.5934359431266785,0.0024889595497088798,0.01712917229513884,0.020045241379543804,0.9996492172953081
1681349285007624229,0,1497705868860245000,map,22.860206604003906,-0.8427454233169556,-0.6030832529067993,0.004076403662141488,0.01392304388837979,0.026375848476804856,0.9995468126033317
1681349285304032110,0,1497705869069921000,map,23.162445068359375,-0.8487258553504944,-0.6157061457633972,0.0038997190246880223,0.012177449941928934,0.0339422593299195,0.999341986649474
1681349285320438075,0,1497705869174771000,map,23.294723510742188,-0.8535639047622681,-0.6282883286476135,0.004100584351976632,0.010953841310374779,0.03485695676908431,0.9993238547420421
1681349285475447370,0,1497705869279605000,map,23.448055267333984,-0.8522271513938904,-0.642330527305603,0.004570835507438301,0.0109167791956556,0.03573442872178074,0.9992912433207009
1681349285533648613,0,1497705869384440000,map,23.611711502075195,-0.8378511071205139,-0.6361567974090576,0.00461851929860681,0.01224692579677204,0.03642535213136022,0.999250652767309
1681349285672044170,0,1497705869489283000,map,23.75408172607422,-0.8272525072097778,-0.6413552165031433,0.004944719375372632,0.011111857716236363,0.03708142275948008,0.9992382307144498
1681349285749532585,0,1497705869594123000,map,23.906383514404297,-0.8285807371139526,-0.6479248404502869,0.005046857220107305,0.011540278531533834,0.038349614624700976,0.9991850139658338
1681349285885369943,0,1497705869698968000,map,24.052377700805664,-0.8264976739883423,-0.6577295660972595,0.005869847444942977,0.011522416277683417,0.03961196914660399,0.9991314513581524
1681349285960355927,0,1497705869803820000,map,24.198871612548828,-0.820697009563446,-0.6550540328025818,0.005265591485898064,0.011871506959394162,0.04370942739617675,0.9989598646473742
1681349286092423240,0,1497705869908654000,map,24.34756851196289,-0.8272380828857422,-0.6640284657478333,0.00448417592527305,0.012417816539188983,0.048122021873411004,0.9987541947139457
1681349286159629029,0,1497705870013492000,map,24.504798889160156,-0.8018202185630798,-0.6660693287849426,0.004486013801219096,0.01461878999412798,0.05299485947287229,0.9984777009658349
1681349286354049155,0,1497705870118330000,map,24.649660110473633,-0.7977518439292908,-0.678697407245636,0.005189310367073862,0.014894556843931801,0.057181146493249804,0.9982392112703986
1681349286369541410,0,1497705870223217000,map,24.802358627319336,-0.7765078544616699,-0.665195107460022,0.006209158029753832,0.018295387617813828,0.060813024728444624,0.9979621866206568
1681349286522022654,0,1497705870328007000,map,24.925798416137695,-0.7634385824203491,-0.6817997097969055,0.0064524749054373194,0.022828575609840394,0.06537214120167456,0.997578923657295
1681349286583671956,0,1497705870432843000,map,25.079368591308594,-0.744195818901062,-0.6892592906951904,0.007676237604653452,0.018526356078199458,0.06989732332814805,0.9973526049708974
1681349286719788282,0,1497705870537707000,map,25.232437133789062,-0.734455943107605,-0.71366947889328,0.008056189150162018,0.01124947465162258,0.07412947972993739,0.9971526333323902
1681349286801045630,0,1497705870642546000,map,25.371021270751953,-0.6956214308738708,-0.7129247784614563,0.009162376261743559,0.009300533486622926,0.07881862438472177,0.9968034646846188
1681349286934773868,0,1497705870747377000,map,25.53250503540039,-0.6724225282669067,-0.7083119750022888,0.01127687901553886,0.007917214940231445,0.08224353667761011,0.9965170091932566
1681349286997608085,0,1497705870852214000,map,25.68610382080078,-0.6311687231063843,-0.7043860554695129,0.016065599760542306,0.0039030758479852825,0.08698792576796138,0.9960721630674442
1681349287147077853,0,1497705870957101000,map,25.819171905517578,-0.6283332705497742,-0.7134391665458679,0.01657895804337538,0.004146408760303794,0.0911129216559882,0.9956939268828447
1681349287209136683,0,1497705871061898000,map,25.962177276611328,-0.609520435333252,-0.7068374156951904,0.017820247976982215,0.00495122028531139,0.09457427613451197,0.9953459831366762
1681349287361570176,0,1497705871166749000,map,26.115516662597656,-0.5746811628341675,-0.7267142534255981,0.017865726738691284,0.005150493691966676,0.09888981063019407,0.9949246670489456
1681349287461082063,0,1497705871271567000,map,26.266935348510742,-0.556414783000946,-0.7251600623130798,0.01847867780078516,0.008737897845231032,0.1041764883511078,0.9943487552797502
1681349287678191581,0,1497705871481260000,map,26.567331314086914,-0.4955124855041504,-0.7340580821037292,0.01928402539948103,0.011219136140707856,0.11257759227521118,0.9933924379595467
1681349287732123101,0,1497705871586081000,map,26.735546112060547,-0.46794456243515015,-0.7292876839637756,0.018644410018613854,0.010403241201362356,0.1178101010413194,0.9928065944180199
1681349287843196787,0,1497705871690930000,map,26.890356063842773,-0.4486798048019409,-0.7393547296524048,0.01831873722248884,0.007835555400557982,0.1235782715237271,0.9921347987078125
1681349287944226277,0,1497705871795770000,map,27.01382064819336,-0.42195677757263184,-0.7289897203445435,0.018034625632126926,0.007273530898456603,0.1282491146228256,0.9915513154200641
1681349288054764792,0,1497705871900629000,map,27.158397674560547,-0.3936155438423157,-0.7444067597389221,0.018060470112674257,0.008565989521607203,0.13232752795675853,0.9910044563094141
1681349288155310195,0,1497705872005497000,map,27.289230346679688,-0.3710836172103882,-0.7470494508743286,0.018555073765124833,0.0074441820388308965,0.1362910386959054,0.990467081810238
1681349288257108966,0,1497705872110310000,map,27.411727905273438,-0.34373995661735535,-0.7468867897987366,0.019230583704922057,0.007427395912807136,0.14087380552715198,0.9898129079781393
1681349288367132700,0,1497705872215141000,map,27.54459571838379,-0.3080656826496124,-0.7539674043655396,0.01994049510304014,0.008205411318166857,0.14685496814708598,0.988922973783124
1681349288468033861,0,1497705872319978000,map,27.677696228027344,-0.2575227618217468,-0.7597689628601074,0.02009534888366518,0.011213001396973515,0.15482290811173538,0.9876741949791845
1681349288611831548,0,1497705872424810000,map,27.80559730529785,-0.2317555695772171,-0.762156069278717,0.020589603114458517,0.01081163128687951,0.16387079546802033,0.9862076563018852
1681349288679845728,0,1497705872529675000,map,27.950279235839844,-0.17774061858654022,-0.7600500583648682,0.02098122691302383,0.01214117991706877,0.17351214033696363,0.9845333653172864
1681349288780252150,0,1497705872634516000,map,28.076763153076172,-0.13649378716945648,-0.7783112525939941,0.021221912087409388,0.009947008858392127,0.1828509863263032,0.9828612329139116
1681349288899246909,0,1497705872739336000,map,28.284046173095703,-0.056801170110702515,-0.7763822078704834,0.021558730182655278,0.00999261176085175,0.18484750728139032,0.9824798976380177
1681349288995483336,0,1497705872844193000,map,28.39558219909668,-0.01593664474785328,-0.7803770303726196,0.021695521647464498,0.0069156526427414985,0.18580646451095828,0.982322467908959
1681349289132975752,0,1497705872949036000,map,28.550945281982422,0.03784611448645592,-0.7910715341567993,0.02168947332467496,0.008993253076089213,0.18660567514017232,0.9821542561166821
1681349289207670596,0,1497705873053868000,map,28.685686111450195,0.09076749533414841,-0.7775582075119019,0.021924389404786998,0.010107642072744031,0.18708532137350148,0.9820469620569825
1681349289341930867,0,1497705873158708000,map,28.830936431884766,0.14115864038467407,-0.7890070676803589,0.022335863820361818,0.010197311706585952,0.1874038095323616,0.9819760230413908
1681349289421304048,0,1497705873263556000,map,28.956783294677734,0.18194368481636047,-0.7913355827331543,0.02226781454733946,0.010282691707946316,0.1882871558697584,0.9818076987727398
1681349289516923581,0,1497705873368380000,map,29.08767318725586,0.23479072749614716,-0.7976648807525635,0.02212006032793887,0.011013260640794168,0.18873566450123747,0.9817169952134037
1681349289664226369,0,1497705873473223000,map,29.214385986328125,0.28679028153419495,-0.7982463836669922,0.02229948607650345,0.012820374302723338,0.18932474204791538,0.9815775616111759
1681349289779266810,0,1497705873578073000,map,29.363584518432617,0.34287282824516296,-0.8016703724861145,0.022436210925026987,0.014029813362745558,0.18926090862031555,0.9815702292433428
1681349289828916907,0,1497705873682920000,map,29.4948787689209,0.39351338148117065,-0.8089703917503357,0.022743832930938127,0.014042900022367301,0.19003560322217777,0.9814132685198542
1681349289947871658,0,1497705873787749000,map,29.628387451171875,0.4438715875148773,-0.8105963468551636,0.02268944679980439,0.013354430264312543,0.19053230554348552,0.981327820382968
1681349290043730900,0,1497705873892595000,map,29.778329849243164,0.4986972212791443,-0.8249780535697937,0.022616975735257085,0.01194597823532381,0.19149514621736463,0.9811602353993344
1681349290193932784,0,1497705873997442000,map,29.924623489379883,0.5530069470405579,-0.823073148727417,0.02222004877495998,0.01171730618190348,0.19167054622363297,0.9811377959275391
1681349290251700243,0,1497705874102274000,map,30.06736946105957,0.5990782380104065,-0.827468752861023,0.021925629030431108,0.00990511401512074,0.19217005337455229,0.9810666848507956
1681349290391181995,0,1497705874207115000,map,30.21104621887207,0.6495457887649536,-0.8296127319335938,0.02201298026471182,0.00927719883351931,0.19224238579365227,0.9810567058016175
1681349290468125389,0,1497705874311935000,map,30.34296989440918,0.699539065361023,-0.8055935502052307,0.02208557660229929,0.013207185192488346,0.1923941934794891,0.9809802495507149
1681349290607900377,0,1497705874416811000,map,30.47791862487793,0.7443633079528809,-0.825403094291687,0.021439802141740946,0.013600661922912798,0.19224478173591353,0.98101851259733
1681349290676478239,0,1497705874521649000,map,30.627696990966797,0.8175833821296692,-0.8355086445808411,0.02155946458012296,0.013106710061734746,0.1919667348070764,0.9810770587014667
1681349290867014526,0,1497705874626509000,map,30.7748966217041,0.8967202305793762,-0.8335234522819519,0.02006957503730912,0.014510988629370237,0.18762750142076792,0.9819279636883677
1681349290882691917,0,1497705874731311000,map,30.926454544067383,0.9421290755271912,-0.8338714838027954,0.01929169058005624,0.017014824264811716,0.18173185784308593,0.9830116337080974
1681349291026026261,0,1497705874836163000,map,31.066829681396484,0.9964001774787903,-0.8414455056190491,0.01838525115485388,0.016309469669581456,0.17590955523240354,0.9840994933762287
1681349291090241191,0,1497705874941037000,map,31.19803810119629,1.0308200120925903,-0.8497713208198547,0.017724739635389612,0.014555534400272028,0.17070150275184806,0.9850558091342959
1681349291203401193,0,1497705875045848000,map,31.332239151000977,1.0748521089553833,-0.8516631126403809,0.01681995047189677,0.015543482938652356,0.16513771757362575,0.9860045780511818
1681349291341859706,0,1497705875150692000,map,31.461488723754883,1.118656039237976,-0.8473529815673828,0.017115967889816106,0.014537856813364662,0.16160262413722482,0.9866003737189689
1681349291404404244,0,1497705875255527000,map,31.60151481628418,1.1603879928588867,-0.8567001223564148,0.016826087182440323,0.010828246737886535,0.15938129640195348,0.9870142976586203
1681349291552373312,0,1497705875360340000,map,31.74667739868164,1.203804612159729,-0.8865172266960144,0.015820997025772124,0.00997192444329522,0.15801122161491776,0.9872602156557091
1681349291614031006,0,1497705875465198000,map,31.87357521057129,1.2330135107040405,-0.8894891142845154,0.01392027572466638,0.012123802667156656,0.15754948495150148,0.987338562638
1681349291763300847,0,1497705875570037000,map,32.018333435058594,1.2730129957199097,-0.8843246698379517,0.01424511108461495,0.012514952830928173,0.15629235518471268,0.9875288047693861
1681349291824382443,0,1497705875674901000,map,32.148250579833984,1.3258429765701294,-0.8763350248336792,0.016611877725720505,0.010515126191507667,0.15508308986406544,0.9877057793643301
1681349292009479749,0,1497705875779758000,map,32.2966194152832,1.3579468727111816,-0.892656147480011,0.017541477080673776,0.009509412067211476,0.15427518493599138,0.9878264198541327
1681349292035834167,0,1497705875884568000,map,32.429779052734375,1.4031280279159546,-0.8905973434448242,0.018120499999821432,0.010637124703508315,0.1537396902000439,0.9878879639094582
1681349292170670029,0,1497705875989387000,map,32.58650207519531,1.4503356218338013,-0.8874810934066772,0.01805951128391974,0.013040131966850752,0.1525452562732727,0.9880454042094517
1681349292256996591,0,1497705876094251000,map,32.73025131225586,1.4993854761123657,-0.9045654535293579,0.01868403377284631,0.011551747238992539,0.15173475973856393,0.9881771243882922
1681349292377575457,0,1497705876199094000,map,32.87137985229492,1.531219482421875,-0.897331953048706,0.018533142119347028,0.00990945895601138,0.15070627767796466,0.9883551739573327
1681349292453819417,0,1497705876303902000,map,33.02330780029297,1.5640039443969727,-0.9044979810714722,0.01837384067311945,0.011757586410911377,0.15017908426325174,0.9884181172885278
1681349292603633648,0,1497705876408771000,map,33.16567611694336,1.62234628200531,-0.9065298438072205,0.01978689174692412,0.01211406813042644,0.14823315274798046,0.9886802651883178
1681349292661209561,0,1497705876513621000,map,33.315093994140625,1.657122254371643,-0.9038048982620239,0.020801606738327698,0.014332129124387537,0.14725902659479442,0.9887753333404227
1681349292778272326,0,1497705876618454000,map,33.45653533935547,1.6826176643371582,-0.9316236972808838,0.021784932993988457,0.013333370656301623,0.14692749210026967,0.9888174389194475
1681349292908985245,0,1497705876723268000,map,33.577857971191406,1.726777195930481,-0.9567634463310242,0.021994423129070045,0.00911717372944116,0.1448514316864495,0.9891669032962412
1681349292975581952,0,1497705876828138000,map,33.71357727050781,1.7713050842285156,-0.9322752356529236,0.02348805397515275,0.010288057042513418,0.14267782146378727,0.9894369627803106
1681349293179681864,0,1497705876932965000,map,33.833763122558594,1.7758420705795288,-0.9517694711685181,0.02252201943107732,0.009092979392067263,0.1405361813383759,0.9897775743819903
1681349293191522693,0,1497705877037814000,map,33.91490173339844,1.8041062355041504,-0.9437456727027893,0.022121384719092623,0.009263277805888441,0.13812651569006001,0.9901241790431929
1681349293328203817,0,1497705877142655000,map,33.97824478149414,1.7947038412094116,-0.9607741832733154,0.02289616154816778,0.008012719851754207,0.13722471376650058,0.9902428921967136
1681349293397641872,0,1497705877247481000,map,34.057373046875,1.8369245529174805,-0.9637084007263184,0.022875995626184337,0.009028739687369614,0.13518369312148285,0.9905152834714964
1681349293652838757,0,1497705877457179000,map,34.22450637817383,1.8761509656906128,-0.9619757533073425,0.022552570162005025,0.009898383184060536,0.13185773999978548,0.9909626241005435
1681349293706675803,0,1497705877562008000,map,34.30544662475586,1.900740623474121,-0.9557081460952759,0.022541979301470817,0.011550967989201267,0.13120097773921763,0.9910321605296757
1681349293860564810,0,1497705877666866000,map,34.38417053222656,1.9258195161819458,-0.9398375749588013,0.022035140332932628,0.012667750474519618,0.12967783872788194,0.9912303753530136
1681349293920246455,0,1497705877771689000,map,34.45136642456055,1.9535212516784668,-0.9380372762680054,0.021331821730914347,0.01116500606268288,0.12839713385200233,0.9914305044443337
1681349294058753830,0,1497705877876533000,map,34.52649688720703,1.9700413942337036,-0.9432674050331116,0.02095075985752912,0.009944652513679392,0.1276981420721566,0.9915418927383363
1681349294136626331,0,1497705877981381000,map,34.59980010986328,1.9790066480636597,-0.9540829062461853,0.02059621823305393,0.008910910461436218,0.1274340615861151,0.9915931378213871
1681349294278165219,0,1497705878086225000,map,34.7003173828125,2.0078494548797607,-0.9493449926376343,0.01961748644370196,0.010308413293864853,0.12753728621162017,0.9915861800666641
1681349294346879175,0,1497705878191072000,map,34.78766632080078,2.0277798175811768,-0.94176185131073,0.017834310397962506,0.014469860887776343,0.1277019553106469,0.9915466491749937
1681349294482711855,0,1497705878295891000,map,34.841304779052734,2.0430667400360107,-0.9744873642921448,0.017426335493916978,0.01892639948382295,0.12771206451922143,0.991477554618853
1681349294548293215,0,1497705878400702000,map,34.926918029785156,2.063220500946045,-0.9674050807952881,0.017223266222810944,0.017954073618995967,0.12758714446365085,0.9915152547685235
1681349294695817652,0,1497705878505587000,map,35.00183868408203,2.082146406173706,-0.9733200669288635,0.01595285736237774,0.018768198937565594,0.12803051013382413,0.9914642987342684
1681349294756127956,0,1497705878610418000,map,35.078861236572266,2.100302219390869,-0.9769628047943115,0.015483868279037449,0.02082567073730497,0.1283672242587136,0.9913870894532212
1681349294912627633,0,1497705878715258000,map,35.1607551574707,2.1184022426605225,-0.9631100296974182,0.01479598240511618,0.025054468916142065,0.12878765441709522,0.9912452278407171
1681349294970423441,0,1497705878820101000,map,35.251277923583984,2.1373753547668457,-0.9630568623542786,0.013652685850488677,0.028356900412990636,0.12875812858502605,0.9911764956348786
1681349295160102650,0,1497705878924965000,map,35.343841552734375,2.168818712234497,-0.9629851579666138,0.013836309473404884,0.030345183199774438,0.12864381486931473,0.9911299047561622
1681349295185660271,0,1497705879029775000,map,35.410438537597656,2.156118631362915,-1.0052927732467651,0.0086399202873009,0.03644661647538614,0.12851892729696665,0.9909994341317456
1681349295317235780,0,1497705879134610000,map,35.509517669677734,2.209364414215088,-0.9814833402633667,0.007326757931572485,0.0448013250905059,0.12902496570014238,0.9906016840432146
1681349295395303046,0,1497705879239476000,map,35.59052658081055,2.2186145782470703,-0.9894349575042725,0.008418391463056367,0.046364608967605504,0.1294807422671104,0.9904616055679996
1681349295539062300,0,1497705879344319000,map,35.602108001708984,2.2761850357055664,-0.9025651812553406,0.016681079945618498,0.035709021852407735,0.1322156838407595,0.9904370749410012
1681349295597300611,0,1497705879449166000,map,35.71418762207031,2.241637706756592,-0.9385289549827576,0.018460756472575505,0.01573093427644352,0.1336534199470663,0.9907312820532846
1681349295730526910,0,1497705879553977000,map,35.75668716430664,2.201693534851074,-0.9966166019439697,0.015041950821674047,-0.009712764977958543,0.13351296070297758,0.9908853230954634
1681349295813054498,0,1497705879658837000,map,35.7899055480957,2.2929036617279053,-1.0448931455612183,0.02279792680327635,-0.014619949164038028,0.13217650447340692,0.9908561334614862
1681349295957090729,0,1497705879763710000,map,35.891578674316406,2.2629566192626953,-1.0206959247589111,0.0293761540496786,-0.012545860737229771,0.1323738446449576,0.9906850086652766
1681349296016882337,0,1497705879868531000,map,36.01719665527344,2.3033761978149414,-1.0853462219238281,0.026249182000214803,-0.007046172162099338,0.13205535925574124,0.9908696832130438
1681349296122573409,0,1497705879973333000,map,36.04856872558594,2.322136402130127,-1.049721598625183,0.02326458918956622,0.0027189145073983627,0.1301004282061399,0.9912240990577658
1681349296273724115,0,1497705880078176000,map,36.13105010986328,2.3288474082946777,-1.039495587348938,0.020182305527371942,0.004338011205055898,0.12609224097573837,0.9918037032695756
1681349296330435877,0,1497705880183034000,map,36.20272445678711,2.377389907836914,-1.023129940032959,0.02039267984759224,0.00759536530093046,0.12351841908029597,0.9921036482093791
1681349296484057729,0,1497705880287896000,map,36.269168853759766,2.397998571395874,-1.0374643802642822,0.020918735595812057,0.006387296311329538,0.11734319990130211,0.9928505401720129
1681349296542545050,0,1497705880392729000,map,36.37700653076172,2.4257829189300537,-1.0049314498901367,0.020004874581012622,0.005700851382787617,0.11032908077283657,0.9936774173356766
1681349296803225289,0,1497705880602386000,map,36.605770111083984,2.53731632232666,-1.0360133647918701,0.016213770338378404,0.005505207010109464,0.09072035279129366,0.9957291852220287
1681349296865680562,0,1497705880707257000,map,36.729759216308594,2.5791149139404297,-1.0215730667114258,0.015903854772354894,0.0028557642327606612,0.06715323039101051,0.997611822574445
1681349297025117982,0,1497705880812078000,map,36.85391616821289,2.6292269229888916,-1.0166820287704468,0.01606645846430417,0.008795655367590971,0.04504181066851942,0.9988171615267427
1681349297074763002,0,1497705880916918000,map,36.93561935424805,2.6161916255950928,-0.9903802275657654,0.017321486943938563,0.01382878267191789,0.023555777341739553,0.9994767951175184
1681349297292384557,0,1497705881126595000,map,37.04285430908203,2.534461736679077,-1.0299553871154785,0.013887900839778755,0.01409404184745719,-0.01357089773597821,0.9997121128297071
1681349297379455513,0,1497705881231438000,map,37.122745513916016,2.527740478515625,-1.0576503276824951,0.011731523348478292,0.018785354695206584,-0.01672324276728792,0.9996148351152732
1681349297486870068,0,1497705881336259000,map,37.186744689941406,2.5032784938812256,-1.0501198768615723,0.008915822715961875,0.016894366087637218,-0.01621857899775367,0.9996859757774589
1681349297591319746,0,1497705881441136000,map,37.27580261230469,2.48854398727417,-1.0787723064422607,0.008992913738962464,0.018769080669147915,-0.016788804564353207,0.9996424423180504
1681349297692066526,0,1497705881545946000,map,37.351051330566406,2.5094542503356934,-1.0474984645843506,0.01120513763062548,0.01674067925001523,-0.01670863357002714,0.9996574455887777
1681349297800237582,0,1497705881650784000,map,37.427330017089844,2.4807894229888916,-1.082098126411438,0.00810309172968667,0.018108362137222903,-0.01641749006422527,0.9996683867291756
1681349297918334793,0,1497705881755639000,map,37.50954818725586,2.4817168712615967,-1.0667767524719238,0.012180642866898302,0.017264834524347,-0.015641683310364356,0.9996543897992899
1681349298019363755,0,1497705881860472000,map,37.57600784301758,2.4789116382598877,-1.053398609161377,0.010628488609708761,0.018209733765165274,-0.015988988579318363,0.9996498284571153
1681349298155807280,0,1497705881965322000,map,37.673553466796875,2.4636523723602295,-1.073999285697937,0.009490166935716585,0.01375251637013981,-0.015999685761484743,0.9997323691341407
1681349298373028582,0,1497705882174986000,map,37.834327697753906,2.4582085609436035,-1.102283239364624,0.005247187057401197,0.011283593025992817,-0.016017952622563326,0.9997942534027265
1681349298428775147,0,1497705882279855000,map,37.912288665771484,2.4578897953033447,-1.0719547271728516,0.007345609371088714,0.012183572387778683,-0.015554597128679546,0.9997778064521939
1681349298563918483,0,1497705882384696000,map,38.013954162597656,2.421659231185913,-1.1054530143737793,0.003982831375154042,0.01366955330006608,-0.014311539073794255,0.9997962133067465
1681349298647261357,0,1497705882489535000,map,38.03817367553711,2.4595413208007812,-1.0528404712677002,0.005348863163321609,0.01818478542778841,-0.015275468477553603,0.9997036390441717
1681349298771575674,0,1497705882594377000,map,38.149898529052734,2.432847738265991,-1.103354573249817,0.00571259361060806,0.017331370848208114,-0.014324856798859097,0.999730848807657
1681349298860876682,0,1497705882699207000,map,38.230926513671875,2.4553005695343018,-1.0711148977279663,0.0031967624841357993,0.01599385601039767,-0.0146840162495899,0.9997591533303871
1681349299017392927,0,1497705882804055000,map,38.29953384399414,2.42111873626709,-1.1003715991973877,0.0037550765732145093,0.015320021699675697,-0.014837980425665316,0.9997654952818028
1681349299060150870,0,1497705882908915000,map,38.38226318359375,2.4522244930267334,-1.0846227407455444,0.002976666093634344,0.015577500951593822,-0.013765725542681908,0.999779460847314
1681349299200986685,0,1497705883013740000,map,38.46424102783203,2.436068058013916,-1.098242163658142,0.0029006249146180402,0.017191999025773917,-0.014150044735016708,0.9997478629177877
1681349299265244870,0,1497705883118580000,map,38.548362731933594,2.4629201889038086,-1.0929492712020874,0.003961008548910729,0.01952385372916091,-0.012864162112670177,0.9997187829973514
1681349299373210819,0,1497705883223419000,map,38.61919021606445,2.4356019496917725,-1.0909745693206787,0.0020328846698024804,0.019214833081397632,-0.012779648011855679,0.99973163132893
1681349299473629801,0,1497705883328270000,map,38.70649337768555,2.421657085418701,-1.11409330368042,0.0038420434933134286,0.018359923533538002,-0.012373190510083882,0.9997474977471988
1681349299587570009,0,1497705883433087000,map,38.78038024902344,2.4485888481140137,-1.0899420976638794,0.0021293583453792318,0.019474629746487893,-0.01312839646753776,0.9997218907585865
1681349299688925452,0,1497705883537938000,map,38.88640594482422,2.4203877449035645,-1.1283066272735596,0.003087960171276867,0.022543105402007324,-0.016480598096451228,0.9996052499308112
1681349299786625829,0,1497705883642766000,map,38.979957580566406,2.3876545429229736,-1.0980796813964844,0.004504113559950407,0.022850783155460734,-0.023005274585184317,0.9994640255103037
1681349299900593265,0,1497705883747618000,map,39.05966567993164,2.3802237510681152,-1.1245529651641846,0.0007981974771206236,0.02167424180844599,-0.030703459263418078,0.9992932042112697
1681349299997890280,0,1497705883852455000,map,39.147308349609375,2.357595682144165,-1.115028738975525,0.0051920331484796006,0.022649484897138902,-0.03843706177052761,0.9989908088136213
1681349300112270841,0,1497705883957293000,map,39.17509841918945,2.404151678085327,-1.1134326457977295,0.0037213933150592104,0.021591113895485518,-0.045236968229849975,0.9987359849951477
1681349300254241758,0,1497705884062151000,map,39.28373718261719,2.376563310623169,-1.1726608276367188,0.0046824904581261265,0.020239821566093805,-0.046501326641168406,0.9987021681965731
1681349300310796229,0,1497705884166984000,map,39.321495056152344,2.3592476844787598,-1.129141092300415,0.004133787739837806,0.01875384936092657,-0.04649559750961973,0.9987338887300923
1681349300424343355,0,1497705884271822000,map,39.42206573486328,2.3541791439056396,-1.153398036956787,0.003951563793960958,0.018798899267289816,-0.04779322355112156,0.9986725206722932
1681349300568140795,0,1497705884376703000,map,39.50269317626953,2.353469133377075,-1.1565778255462646,0.00440879034816085,0.017619997230574037,-0.04792068624361204,0.9986860016763173
1681349300636504095,0,1497705884481511000,map,39.59005355834961,2.356191635131836,-1.1642050743103027,0.003288022223180354,0.017812624951791096,-0.04733167312700343,0.9987149848457603
1681349300770231752,0,1497705884586331000,map,39.64215087890625,2.3428237438201904,-1.166172742843628,0.003771127683015597,0.01905717314734117,-0.046999681160974825,0.9987059803835693
1681349300843410567,0,1497705884691177000,map,39.74345016479492,2.3252975940704346,-1.1665856838226318,0.005046451201197104,0.0209014112279626,-0.0465986977776152,0.9986822267151173
1681349301035520607,0,1497705884796030000,map,39.79780960083008,2.3307127952575684,-1.134789228439331,0.004783212289820159,0.02221866447597148,-0.04695818997327355,0.9986382540803194
1681349301050961064,0,1497705884900866000,map,39.89741134643555,2.321263313293457,-1.1676585674285889,0.0045920464611648336,0.021149501972091297,-0.04776836068882013,0.9986239517388815
1681349301309417724,0,1497705885110564000,map,40.038639068603516,2.3032186031341553,-1.145135521888733,0.0044660334572180806,0.019591516432454114,-0.048536651278101826,0.9986192588550398
1681349301361155060,0,1497705885215374000,map,40.086551666259766,2.283140182495117,-1.1229772567749023,0.00338272974197452,0.0212414485719534,-0.04860331892352298,0.9985865498120406
1681349301519955785,0,1497705885320224000,map,40.20257568359375,2.282158374786377,-1.148859977722168,0.004810457459002501,0.022592538056076535,-0.048204583286229855,0.9985703590362196
1681349301576060613,0,1497705885425054000,map,40.28960418701172,2.272934675216675,-1.1385170221328735,0.004171603049556931,0.02346455701151465,-0.048202588018390696,0.9985532278650064
1681349301829464846,0,1497705885634767000,map,40.4593620300293,2.246983051300049,-1.1536998748779297,0.0050281519789806845,0.025751997953638747,-0.049414217355695185,0.9984336820120487
1681349301887801313,0,1497705885739622000,map,40.519493103027344,2.233971357345581,-1.1999648809432983,0.0034815528340423284,0.022940638694316243,-0.04945032286188095,0.9985070334207328
1681349302043591533,0,1497705885844439000,map,40.59576416015625,2.2465097904205322,-1.1849597692489624,0.0038279653100672154,0.023193849550682887,-0.050538802399704603,0.9984453902432772
1681349302096242691,0,1497705885949266000,map,40.6657600402832,2.2309744358062744,-1.1974294185638428,0.0015921500916611735,0.021524899581082307,-0.050332986045902334,0.9984992358921587
1681349302234842560,0,1497705886054098000,map,40.761878967285156,2.2201688289642334,-1.233627200126648,0.003578090459399109,0.022677015541194424,-0.049839569812119525,0.9984933410693742
1681349302311527019,0,1497705886158942000,map,40.82745361328125,2.216257333755493,-1.2118500471115112,0.0008440760728839653,0.030048949507054862,-0.04991872946419267,0.9983007850831315
1681349302412172344,0,1497705886263798000,map,40.924842834472656,2.1935079097747803,-1.2114143371582031,0.0032086308198791356,0.026217691991515992,-0.04989524081487197,0.9984051235005998
1681349302522411587,0,1497705886368633000,map,40.988502502441406,2.1727898120880127,-1.2079819440841675,0.004000357390981533,0.02855931311189013,-0.04983736105266347,0.9983409291638095
1681349302640285483,0,1497705886473464000,map,41.05364227294922,2.168710470199585,-1.210832118988037,0.005533829076880459,0.024393047447600586,-0.04963443109381428,0.9984542030405901
1681349302742689173,0,1497705886578310000,map,41.16884994506836,2.1657278537750244,-1.24080491065979,0.005897086366493616,0.024791840741394462,-0.04993341971287332,0.998427376374931
1681349302853268832,0,1497705886683160000,map,41.22674560546875,2.1594371795654297,-1.2303274869918823,0.003101280828728733,0.020712586200491975,-0.04992204884541816,0.9985334923317624
1681349302952322788,0,1497705886788001000,map,41.30949401855469,2.1518683433532715,-1.2625349760055542,0.003668600292322768,0.017693272817362004,-0.04813820070275787,0.9986772282267505
1681349303123131667,0,1497705886892833000,map,41.37555694580078,2.145564079284668,-1.266873836517334,0.004609207168282545,0.01592907442720247,-0.04782337793406313,0.9987181479515697
1681349303148079114,0,1497705886997634000,map,41.488765716552734,2.121816635131836,-1.2566417455673218,0.0028573505286653474,0.019673901920611064,-0.04603296541109619,0.9987420723448883
1681349303281767154,0,1497705887102509000,map,41.562599182128906,2.1208972930908203,-1.2552989721298218,0.0027779326267001097,0.02277444364502713,-0.04614442492181336,0.9986712673101551
1681349303363839336,0,1497705887207361000,map,41.634368896484375,2.1095426082611084,-1.2611364126205444,0.003175738475773637,0.02456697233783263,-0.04548699900909557,0.9986577488042577
1681349303500511533,0,1497705887312179000,map,41.698055267333984,2.105987787246704,-1.277780294418335,0.0015429850932777624,0.02392478258677769,-0.04619637271297519,0.9986446479142276
1681349303572133658,0,1497705887417047000,map,41.7948112487793,2.0864908695220947,-1.2881287336349487,0.002398380013411662,0.024935894866437356,-0.04611353193717439,0.9986220492210631
1681349303708768311,0,1497705887521873000,map,41.86103820800781,2.084535598754883,-1.2665395736694336,0.002080933025013191,0.024940788651871965,-0.04610822736508308,0.9986228549937581
1681349303776955390,0,1497705887626718000,map,41.93096923828125,2.0894858837127686,-1.3051444292068481,0.0018696240041771292,0.01731600517958696,-0.04664837673718774,0.9987595285097187
1681349303921571106,0,1497705887731543000,map,41.99858474731445,2.070862054824829,-1.2907098531723022,0.0028316918097119003,0.01620170307530043,-0.04563418807840103,0.9988227933607846
1681349303982853938,0,1497705887836416000,map,42.073692321777344,2.0647096633911133,-1.2966588735580444,0.0020982670793548174,0.014831738083221595,-0.04521577032381104,0.9988649304068217
1681349304122347884,0,1497705887941243000,map,42.1589241027832,2.046367883682251,-1.317293643951416,0.002029016212955199,0.01556393589865649,-0.04561000986748289,0.9988359963439212
1681349304202910823,0,1497705888046097000,map,42.241981506347656,2.0480759143829346,-1.2962963581085205,0.0015617576397282658,0.020731278944132136,-0.0457870952538512,0.9987348510729595
1681349304333592773,0,1497705888150923000,map,42.32063293457031,2.020493745803833,-1.304749608039856,-0.002510234753679289,0.023374580659664083,-0.044598498491739705,0.9987283235353255
1681349304412900648,0,1497705888255769000,map,42.41981887817383,2.002293825149536,-1.3176125288009644,-0.0026613923197494954,0.024462810595293816,-0.044490222273776844,0.998706696565804
1681349304541435609,0,1497705888360631000,map,42.47566604614258,2.0047554969787598,-1.3264530897140503,-0.0007586168863018082,0.02106785774969132,-0.04420965415125348,0.9987998108026465
1681349304628204924,0,1497705888465429000,map,42.58144760131836,1.9528186321258545,-1.3474305868148804,-0.007268526415522609,0.021524218052663725,-0.04389827484475427,0.9987776557425866
1681349304757536889,0,1497705888570296000,map,42.63288879394531,1.9866821765899658,-1.3098622560501099,-0.00035399998293383087,0.023926549919473895,-0.04298157202864112,0.9987892480474306
1681349304826691410,0,1497705888675101000,map,42.71451950073242,1.9635874032974243,-1.3164018392562866,-0.0029784749299987226,0.03087374496538008,-0.042523951203030055,0.9986138571617583
1681349304964975502,0,1497705888779970000,map,42.77774429321289,1.973497986793518,-1.3229533433914185,-0.00039707874054556544,0.03117193521877864,-0.04286327689216871,0.9985944511137739
1681349305038881342,0,1497705888884819000,map,42.894474029541016,1.9558031558990479,-1.364933967590332,-0.0018679088039065274,0.028536844222934815,-0.04197850621238221,0.9987091509781082
1681349305341495574,0,1497705889094480000,map,43.016849517822266,1.9277877807617188,-1.3441661596298218,-0.0026263539489214723,0.02691702800381526,-0.041498654453478966,0.9987724786981208
1681349305353117760,0,1497705889199313000,map,43.108154296875,1.9265391826629639,-1.3670693635940552,-0.004236607373692024,0.02355671192553774,-0.04131931872546213,0.9988592540558235
1681349305457267448,0,1497705889304188000,map,43.186458587646484,1.9065322875976562,-1.3595223426818848,-0.003730883388404657,0.02554425055489273,-0.04054503626859794,0.9988441642037366
1681349305597984620,0,1497705889409016000,map,43.26314926147461,1.9029322862625122,-1.3401975631713867,-0.0023767641806202028,0.026611944525466433,-0.04037093755384701,0.9988274852883413
1681349305662390614,0,1497705889513849000,map,43.35747528076172,1.8964333534240723,-1.3504551649093628,-0.002997438565967924,0.027627534292050497,-0.040073069915934525,0.9988102391759666
1681349305807046056,0,1497705889618713000,map,43.42856216430664,1.882063627243042,-1.3665624856948853,-0.0029881374049879447,0.0296672514205783,-0.04089717391366658,0.9987183269949952
1681349305868475624,0,1497705889723553000,map,43.529212951660156,1.8824231624603271,-1.3690526485443115,-0.005136114817924156,0.030211041674543245,-0.03998655764218647,0.9987301960104848
1681349305979529680,0,1497705889828374000,map,43.58173751831055,1.8819549083709717,-1.3578420877456665,-0.005442962957055955,0.029363550052585015,-0.04158708677674374,0.9986884785205773
1681349306083550092,0,1497705889933219000,map,43.65435791015625,1.8727095127105713,-1.3870795965194702,-0.0033106033831600077,0.028426303072037546,-0.041285844263314254,0.9987374396960699
1681349306182466233,0,1497705890038060000,map,43.73067855834961,1.856422781944275,-1.4021480083465576,-0.004696479029347632,0.025746159399021078,-0.04116979939177613,0.9988093515003599
1681349306296798115,0,1497705890142894000,map,43.809104919433594,1.8669795989990234,-1.3894003629684448,-0.0005706021141468218,0.028509445009474593,-0.04222811435533892,0.9987009745538177
1681349306397349514,0,1497705890247740000,map,43.91720962524414,1.8358473777770996,-1.4125988483428955,0.0011126425850246082,0.029850922415416148,-0.041704604477954065,0.9986833383158462
1681349306495065291,0,1497705890352613000,map,43.964534759521484,1.82442307472229,-1.4067391157150269,0.0005286996115375464,0.029387593820147297,-0.04209853448594401,0.9986810330485275
1681349306605747989,0,1497705890457396000,map,44.04096603393555,1.799216866493225,-1.420140027999878,0.0023042099114832593,0.026167992640433662,-0.04180584494735202,0.998780356149944
1681349306710046186,0,1497705890562256000,map,44.13412857055664,1.8090312480926514,-1.3948032855987549,0.0014560659915128311,0.02403582417201803,-0.042127735189247416,0.9988220175868554
1681349306817329125,0,1497705890667108000,map,44.19876480102539,1.7896798849105835,-1.421535849571228,-0.0018269233466006482,0.020595087065225504,-0.04168693580679656,0.9989167694392371
1681349306963940223,0,1497705890771943000,map,44.26081466674805,1.7986011505126953,-1.4378893375396729,0.0004722313864612752,0.02111228365234127,-0.04077989172280045,0.9989449553178962
1681349307022015203,0,1497705890876794000,map,44.37843704223633,1.7958837747573853,-1.4312407970428467,0.0027905545930893326,0.009608506829086389,-0.041662161943580224,0.9990816518876701
1681349307171656474,0,1497705890981608000,map,44.4397087097168,1.7883402109146118,-1.4325530529022217,0.0018338836807214735,0.008685248279361374,-0.04123722728995827,0.999109952430325
1681349307282281628,0,1497705891086459000,map,44.520320892333984,1.7807265520095825,-1.4311339855194092,0.00032806753411208635,0.009255152414053855,-0.04094264732800211,0.999118580394153
1681349307352027046,0,1497705891191304000,map,44.57819366455078,1.763927698135376,-1.4131158590316772,0.00159536845365643,0.021839726590409007,-0.0406014261728186,0.99893545320792
1681349307487827748,0,1497705891296152000,map,44.699214935302734,1.7571078538894653,-1.4411741495132446,0.0037767804897082154,0.025114476533240015,-0.04055953281241312,0.9988543235854802
1681349307547044655,0,1497705891400986000,map,44.769203186035156,1.7461659908294678,-1.453895926475525,0.0017483607033499321,0.023196099918338632,-0.0427559366507241,0.9988147073798556
1681349307692725300,0,1497705891505818000,map,44.85615539550781,1.7374458312988281,-1.4583793878555298,0.0010049680556632368,0.022990172816071113,-0.04157484369567118,0.9988703456603623
1681349307758655372,0,1497705891610663000,map,44.928218841552734,1.7310590744018555,-1.4509539604187012,0.002159196605266856,0.023097627411524168,-0.04129421991658209,0.9988776778370337
1681349307895228372,0,1497705891715481000,map,45.017642974853516,1.7143492698669434,-1.4579905271530151,0.0013944474782944508,0.024975604133930365,-0.04144793753048973,0.9988274852883413
1681349307979539692,0,1497705891820335000,map,45.08211135864258,1.7103012800216675,-1.4593132734298706,0.0014386987979407152,0.02503296485761932,-0.04287901584243465,0.9987655634974413
1681349308094120164,0,1497705891925210000,map,45.14645004272461,1.7048197984695435,-1.470725178718567,0.0006347710994093207,0.02447811734349949,-0.042730607926491644,0.9987865103659509
1681349308205701232,0,1497705892030022000,map,45.234474182128906,1.682618260383606,-1.4988341331481934,-0.001712652822807543,0.020805153031770524,-0.04250317756120954,0.9988782148814294
1681349308295069336,0,1497705892134886000,map,45.31827163696289,1.687631368637085,-1.4881680011749268,-0.0009595388495908322,0.025626602762651374,-0.04183627806959205,0.9987953276129825
1681349308406575046,0,1497705892239716000,map,45.388668060302734,1.673261284828186,-1.500455617904663,0.0011158047139625702,0.025406083806682342,-0.04029414799226648,0.998864177042777
1681349308516386893,0,1497705892344553000,map,45.46833419799805,1.6459152698516846,-1.5162115097045898,-0.0016165840813616697,0.021210953428475916,-0.0402924782328312,0.9989614607304906
1681349308606239190,0,1497705892449414000,map,45.52311706542969,1.6501175165176392,-1.4909952878952026,1.5424018495599952e-05,0.023009191260507128,-0.040078686314720925,0.9989315523940607
1681349308747285394,0,1497705892554246000,map,45.609954833984375,1.6446973085403442,-1.5021828413009644,0.0022511822282058097,0.020484915268030642,-0.04137158356319628,0.9989312689691332
1681349308808852440,0,1497705892659101000,map,45.71205520629883,1.6132138967514038,-1.530560851097107,0.003989534084316759,0.015992240632012666,-0.04062380835520174,0.9990385470175288
1681349308949902595,0,1497705892763916000,map,45.79174041748047,1.6162234544754028,-1.5136477947235107,0.0034311066600684003,0.023866236971189007,-0.04049076555283276,0.9988889557087065
1681349309022664181,0,1497705892868768000,map,45.881229400634766,1.5963448286056519,-1.5101711750030518,0.0026851058411369246,0.023327787431725065,-0.039830073551036335,0.9989304932794467
1681349309162202199,0,1497705892973579000,map,45.9451904296875,1.5696754455566406,-1.530100703239441,0.0028647338434338006,0.02593916908506657,-0.038215606720600474,0.9989287032240249
1681349309279002052,0,1497705893078424000,map,46.02416229248047,1.5718220472335815,-1.5062304735183716,0.003831461051582444,0.028059451011215243,-0.03808622614151477,0.9988730607351096
1681349309331943891,0,1497705893183272000,map,46.1388053894043,1.5973007678985596,-1.5112804174423218,0.00644996095545013,0.027241924063052637,-0.03810500937755861,0.9988815266488219
1681349309466487937,0,1497705893288107000,map,46.208961486816406,1.5799812078475952,-1.5394142866134644,0.005694044387427188,0.02456932598627667,-0.03684952861755904,0.999002547805466
1681349309548238636,0,1497705893392944000,map,46.27090072631836,1.5655627250671387,-1.5530012845993042,0.005761923901524483,0.024076489842924067,-0.03765957810174068,0.9989839398732263
1681349309686647871,0,1497705893497790000,map,46.36075210571289,1.5527992248535156,-1.5393118858337402,0.006645595963464198,0.024488377128468974,-0.03715088626793424,0.9989874675759844
1681349309756867287,0,1497705893602632000,map,46.43514633178711,1.541168212890625,-1.5513371229171753,0.007055799767932165,0.02399657026796526,-0.037641243058778154,0.9989782269074533
1681349309896183058,0,1497705893707469000,map,46.50874328613281,1.5539335012435913,-1.5401536226272583,0.009226145543488726,0.021575736880692628,-0.038054466165722875,0.9990001164881129
1681349309969913988,0,1497705893812277000,map,46.5830192565918,1.5500319004058838,-1.5429376363754272,0.01069615030018155,0.023038449494365724,-0.03627424898562947,0.9990190224349532
1681349310106902191,0,1497705893917149000,map,46.65702438354492,1.5387001037597656,-1.5652614831924438,0.012849582209187872,0.01850820210362777,-0.03655525729756382,0.9990776099529147
1681349310326280607,0,1497705894126854000,map,46.83257293701172,1.510413408279419,-1.5713443756103516,0.013177443178512683,0.021704204523429808,-0.03544368585442935,0.9990490698485934
1681349310375411794,0,1497705894231693000,map,46.87765884399414,1.4892278909683228,-1.5688072443008423,0.012396134342877287,0.023216843608226494,-0.0365040546694905,0.9989868783833671
1681349310525809736,0,1497705894336528000,map,46.97334671020508,1.500378131866455,-1.5733455419540405,0.011921373276300743,0.0194080218857128,-0.03580486510738109,0.9990992065215776
1681349310588040257,0,1497705894441374000,map,47.02442932128906,1.4986516237258911,-1.5769755840301514,0.011071602637427931,0.018406531158771423,-0.035317463907473604,0.999145291560854
1681349310849554568,0,1497705894651050000,map,47.18043518066406,1.487249493598938,-1.5955755710601807,0.00981393982799409,0.017591987551451457,-0.03413117625699493,0.9992143256571918
1681349310904055547,0,1497705894755890000,map,47.27234649658203,1.45741605758667,-1.5785925388336182,0.009316620013775269,0.021274340910419746,-0.03385990454133321,0.9991567006355162
1681349311164499410,0,1497705894965581000,map,47.438114166259766,1.4432452917099,-1.6156419515609741,0.008713216105695655,0.019832888672501055,-0.03226495076116911,0.999244575972029
1681349311265636345,0,1497705895070412000,map,47.50634765625,1.44126558303833,-1.6019481420516968,0.008082614186490518,0.018283944657173153,-0.03221011414491047,0.9992811778522702
1681349311327871020,0,1497705895175216000,map,47.57475280761719,1.4289201498031616,-1.5942200422286987,0.005865102225167575,0.021344095528480135,-0.03201868540164868,0.9992421228748752
1681349311465827448,0,1497705895280083000,map,47.62013626098633,1.4349181652069092,-1.6092499494552612,0.0057498321459500705,0.02053141916817854,-0.031819924804737665,0.9992661763882027
1681349311676037004,0,1497705895489761000,map,47.64415740966797,1.4432278871536255,-1.6101272106170654,0.006258017049302748,0.018912576375652995,-0.03218329296060232,0.9992834444554876
1681349311741446483,0,1497705895594626000,map,47.65525436401367,1.4431027173995972,-1.6099053621292114,0.006398321700907615,0.01833978350841594,-0.03134406260126158,0.9993199032547393
1681349311886381552,0,1497705895699441000,map,47.647804260253906,1.4354004859924316,-1.609495759010315,0.005791698018596361,0.018739604655101907,-0.03200556744146079,0.9992952172888393
1681349311949457224,0,1497705895804295000,map,47.64777374267578,1.4353052377700806,-1.608765959739685,0.005881123684699766,0.018674812191411528,-0.03195513122750653,0.999297528595122
1681349312089552482,0,1497705895909158000,map,47.63917922973633,1.4351842403411865,-1.6082597970962524,0.006185962612683942,0.018539103116971406,-0.03162080859965834,0.9993088390071658
1681349312167905028,0,1497705896013963000,map,47.65357208251953,1.4369046688079834,-1.6117693185806274,0.005913721379389467,0.018751557086714783,-0.03173875697634735,0.9993027774772765
1681349312300363488,0,1497705896118813000,map,47.642391204833984,1.4338750839233398,-1.608451247215271,0.005954111834894143,0.018598859418389506,-0.03172741524691118,0.9993057597843998
1681349312379627667,0,1497705896223662000,map,47.65323257446289,1.4374525547027588,-1.6100527048110962,0.005945725833570022,0.01864351433715217,-0.031775953497826775,0.9993034335856072
1681349312510755130,0,1497705896328493000,map,47.64727020263672,1.4429211616516113,-1.6089322566986084,0.005934259621921,0.01859571427612078,-0.031373668930543254,0.9993171148373148
1681349312578317412,0,1497705896433339000,map,47.66432571411133,1.4340380430221558,-1.6094554662704468,0.006063123847464559,0.015599202007188565,-0.031086701395436383,0.999376572052445
1681349312724485605,0,1497705896538155000,map,47.684814453125,1.4383361339569092,-1.6129056215286255,0.006146916355928754,0.0156874059775494,-0.031437272662822986,0.999363704245394
1681349312788601205,0,1497705896643008000,map,47.70228576660156,1.4422047138214111,-1.6176966428756714,0.007231152398633504,0.01621310947962596,-0.02964730420746524,0.9994027842917256
1681349312935100919,0,1497705896747854000,map,47.78009796142578,1.4275286197662354,-1.610263705253601,0.0066492783984589765,0.019230947556325793,-0.028946291381533942,0.9993738359798788
1681349313004581219,0,1497705896852689000,map,47.850643157958984,1.429482340812683,-1.6355416774749756,0.007458074570887866,0.01773679513827036,-0.02476315514129721,0.999508170534814
1681349313256125397,0,1497705897062382000,map,48.10167694091797,1.4063818454742432,-1.6356860399246216,0.007235906123311301,0.019664171937538326,-0.01229154479943941,0.9997048985647721
1681349313313256814,0,1497705897167194000,map,48.25006866455078,1.3771332502365112,-1.6659013032913208,0.006107088104344859,0.02074528353749286,-0.004101530139931464,0.9997577299256577
1681349313470594549,0,1497705897272059000,map,48.43473815917969,1.3697457313537598,-1.6215791702270508,0.009747929526597117,0.022465415654219095,0.011635027817905695,0.9996323952925433
1681349313526585824,0,1497705897376895000,map,48.54616928100586,1.3629964590072632,-1.6601002216339111,0.007850770736186095,0.023137190547118453,0.02828781399201306,0.99930117448352
1681349313676116987,0,1497705897481753000,map,48.771907806396484,1.3477884531021118,-1.6495211124420166,0.0048639673174289385,0.029829151507139728,0.04198092332576418,0.9986611881324409
1681349313739899415,0,1497705897586583000,map,48.88925552368164,1.374933123588562,-1.6938331127166748,0.010560776757065122,0.027148947160996664,0.0503095773703011,0.9983087334258216
1681349313875530225,0,1497705897691442000,map,49.00685501098633,1.3922393321990967,-1.6807076930999756,0.011984145010175603,0.017413023601804797,0.05860863953271083,0.998057199264249
1681349313992836711,0,1497705897796271000,map,49.102134704589844,1.4342845678329468,-1.683964490890503,0.011306292475349866,0.019618826883887996,0.05956476327682613,0.9979675843754775
1681349314052504436,0,1497705897901109000,map,49.26972198486328,1.4306683540344238,-1.729689121246338,0.010040549295552157,0.017684095192278905,0.05994599318532119,0.9979944532628238
1681349314188613937,0,1497705898005949000,map,49.38930130004883,1.4368935823440552,-1.728011131286621,0.009580974867050507,0.013831720676743858,0.0598805633681477,0.9980637237261357
1681349314264113771,0,1497705898110789000,map,49.536048889160156,1.4400650262832642,-1.7398022413253784,0.010897304567966289,0.008303612085347219,0.06100607277980005,0.998043381298542
1681349314363084080,0,1497705898215618000,map,49.663936614990234,1.4643831253051758,-1.707388997077942,0.014448334848627613,0.009408584602504579,0.0614216697124777,0.9979629779945592
1681349314513599907,0,1497705898320456000,map,49.79612350463867,1.4705936908721924,-1.7183570861816406,0.01272716382415643,0.012575390311025085,0.0649338625457243,0.9977291594340539
1681349314576495965,0,1497705898425314000,map,49.93689727783203,1.4782789945602417,-1.7196846008300781,0.013798527796458612,0.014746015271362174,0.07697302495519918,0.9968286159690026
1681349314714472804,0,1497705898530144000,map,50.09811782836914,1.5151382684707642,-1.7259294986724854,0.015580748159891872,0.018606911300697797,0.0906580180218465,0.9955863258575689
1681349314791401552,0,1497705898635043000,map,50.22609329223633,1.559638261795044,-1.749377727508545,0.016299939948998553,0.0239832280453967,0.10363068543389274,0.9941930251185923
1681349314886845190,0,1497705898739809000,map,50.34321594238281,1.5698603391647339,-1.7196561098098755,0.017600725062276622,0.019486607651306262,0.11778883528334622,0.9926914226990308
1681349314997551532,0,1497705898844677000,map,50.48701095581055,1.5833745002746582,-1.7403439283370972,0.019307082233745457,0.025790206611244967,0.1267238731231593,0.9914147303754368
1681349315095459168,0,1497705898949504000,map,50.611019134521484,1.6089280843734741,-1.7824610471725464,0.018844627930789847,0.02452758619787907,0.13424387008238128,0.9904654720388759
1681349315244424493,0,1497705899054351000,map,50.721771240234375,1.6298420429229736,-1.7338039875030518,0.019939374680553366,0.02371173906194997,0.14290616939156395,0.9892512224284793
1681349315306714581,0,1497705899159184000,map,50.83623504638672,1.6420857906341553,-1.7683050632476807,0.018927216384754406,0.02293035213971491,0.15078705660496686,0.9881190517446768
1681349315407822720,0,1497705899264024000,map,50.93497848510742,1.7098779678344727,-1.7618741989135742,0.018025330133164347,0.019818769192724347,0.15623542155910664,0.98735646943117
1681349315518402690,0,1497705899368866000,map,51.05598831176758,1.7345916032791138,-1.7746201753616333,0.01618027799457787,0.01987858962570068,0.16340293380918816,0.9862264070843675
1681349315620005841,0,1497705899473721000,map,51.1457633972168,1.7661991119384766,-1.7750740051269531,0.015504859527629235,0.019295284614799336,0.1716268472970176,0.9848510105955419
1681349315721325737,0,1497705899578554000,map,51.25423812866211,1.794965386390686,-1.7701693773269653,0.014069762647408283,0.016951782384125095,0.18012124900635687,0.9833976798637071
1681349315832804124,0,1497705899683385000,map,51.392662048339844,1.8103283643722534,-1.7810180187225342,0.014673947203327486,0.022014642112779547,0.1887201480972985,0.9816744560608381
1681349315973412222,0,1497705899788239000,map,51.51713180541992,1.8645663261413574,-1.8072149753570557,0.01720245559085865,0.01992673742462929,0.19654299026691305,0.9801417561594641
1681349316191266605,0,1497705899997921000,map,51.77729034423828,1.9090309143066406,-1.7724601030349731,0.016068270653592086,0.013513946493964726,0.21586466489593942,0.9761975254872907
1681349316245603269,0,1497705900102749000,map,51.88047409057617,1.9522135257720947,-1.8027772903442383,0.017487914202118628,0.01327025754089437,0.222601319445116,0.974662374152428
1681349316396373698,0,1497705900207616000,map,52.00221252441406,2.0227744579315186,-1.8434666395187378,0.01506404321983175,0.010889929738094762,0.23070678886017176,0.9728457407996389
1681349316458742005,0,1497705900312449000,map,52.10647201538086,2.071824312210083,-1.8072515726089478,0.015248455891691692,0.013993233077443748,0.23809116640510933,0.9710222867049224
1681349316651295565,0,1497705900417284000,map,52.21039962768555,2.0760867595672607,-1.8580964803695679,0.014218527494059411,0.007262604784599196,0.24561326980972575,0.9692364056086228
1681349316668836674,0,1497705900522140000,map,52.305625915527344,2.1722049713134766,-1.8109703063964844,0.014562051365073355,0.008715283807234176,0.25313710226505653,0.9672815360358255
1681349316810593808,0,1497705900626974000,map,52.41829299926758,2.224964141845703,-1.7780500650405884,0.014168288161758316,0.019319724806124438,0.26153943293901455,0.9648954091933744
1681349316884453337,0,1497705900731820000,map,52.50331115722656,2.2874772548675537,-1.8657728433609009,0.011406765119840226,0.019335186343879544,0.26863303187131776,0.9629809586745881
1681349317027395719,0,1497705900836644000,map,52.628273010253906,2.4062888622283936,-1.8512723445892334,0.015306141369975578,0.012094372148995516,0.27656473830704126,0.9607972763841602
1681349317084039865,0,1497705900941485000,map,52.7375373840332,2.4498355388641357,-1.8062530755996704,0.016336094601773557,0.011079382027409355,0.28332261009420834,0.9588215101124694
1681349317232721581,0,1497705901046335000,map,52.87899398803711,2.5508522987365723,-1.800744891166687,0.016410060980651068,0.012942568790425834,0.28762459619094277,0.9575151738092463
1681349317297873445,0,1497705901151159000,map,52.9836540222168,2.628763437271118,-1.833391547203064,0.01614905311092385,0.017821387220582064,0.28994220881861976,0.9567419276528658
1681349317436173366,0,1497705901255966000,map,53.12580490112305,2.676861047744751,-1.8624049425125122,0.013227992151484961,0.018902356514326125,0.29243271549778066,0.9560077488163221
1681349317513822191,0,1497705901360845000,map,53.230194091796875,2.7394776344299316,-1.8485252857208252,0.01071846056977894,0.018159870735635502,0.294542791466076,0.9554056023529486
1681349317630593525,0,1497705901465689000,map,53.33516311645508,2.8426764011383057,-1.835691213607788,0.014840940472771704,0.015276277699536414,0.29632311598743927,0.954850253515454
1681349317741547250,0,1497705901570522000,map,53.45059585571289,2.899977207183838,-1.8776025772094727,0.00836429660191617,0.016379366378116853,0.2992411100463777,0.9540002821830916
1681349317884564904,0,1497705901675371000,map,53.56478500366211,2.987475872039795,-1.8776140213012695,0.007535130875456608,0.019906689355358494,0.3003398419215278,0.9535947408206898
1681349317921732365,0,1497705901780195000,map,53.680503845214844,3.072608709335327,-1.868464708328247,0.006210223153052857,0.022953367286031253,0.30152576372513573,0.9531614499861222
1681349318071045993,0,1497705901885035000,map,53.81003189086914,3.150531768798828,-1.8839589357376099,0.004592296405832795,0.02393093639119033,0.30306950336092875,0.9526568341734379
1681349318135747948,0,1497705901989823000,map,53.91638946533203,3.215190887451172,-1.912774682044983,0.0034415452784331124,0.024849867812009766,0.3040900234897053,0.9523129052165502
1681349318275639291,0,1497705902094744000,map,54.016754150390625,3.2899832725524902,-1.9110366106033325,0.0005054640616561064,0.029670708706093694,0.30623204818981825,0.9514942601983467
1681349318352758950,0,1497705902199554000,map,54.15876388549805,3.3830068111419678,-1.88932466506958,0.004993596798729373,0.02762768729105747,0.3067282841760996,0.9513829367204708
1681349318485726293,0,1497705902304404000,map,54.25797653198242,3.4547691345214844,-1.882564902305603,0.002142874046501778,0.02863554614083037,0.30780044242975724,0.9510175121466958
1681349318563885304,0,1497705902409242000,map,54.39958190917969,3.542541742324829,-1.8816250562667847,0.004948002205682557,0.026330216774112722,0.3071487201300156,0.9512843431722179
1681349318700591181,0,1497705902514084000,map,54.51877975463867,3.6356098651885986,-1.9023025035858154,0.006561736889498055,0.025350307834564757,0.30749460464686623,0.9511894522106175
1681349318761775478,0,1497705902618924000,map,54.62215805053711,3.677506685256958,-1.9725899696350098,0.0049809389517459415,0.02858270854721296,0.3089197768235465,0.9506454734428436
1681349318910705487,0,1497705902723782000,map,54.72014617919922,3.7421960830688477,-1.9918626546859741,0.004681801914886963,0.030693655510625677,0.3102741568436043,0.9501399526906256
1681349319026877023,0,1497705902828631000,map,54.873905181884766,3.8606503009796143,-1.9898649454116821,0.009229523240839884,0.02350167126237447,0.3111445150014181,0.9500271451359538
1681349319075073702,0,1497705902933443000,map,54.982887268066406,3.938704490661621,-1.9621338844299316,0.007372025465539256,0.024400820582231877,0.3118256950068027,0.9497973480035166
1681349319226531285,0,1497705903038282000,map,55.083770751953125,4.007907390594482,-1.9632821083068848,0.0029534324684033436,0.03381196717387757,0.3131766257161455,0.9490882014542945
1681349319288000772,0,1497705903143117000,map,55.192596435546875,4.110426425933838,-1.9648059606552124,0.0023374746970801752,0.03239541835933563,0.3134313459545039,0.9490552690800149
1681349319440985983,0,1497705903247992000,map,55.314212799072266,4.188068389892578,-2.02140474319458,-0.0009935128153941125,0.020619384519690642,0.31554073177511255,0.9486874478844837
1681349319497697278,0,1497705903352835000,map,55.42955780029297,4.2579026222229,-2.0431792736053467,0.0012497264565680362,0.017443923659353315,0.3182850237153913,0.9478337265590923
1681349319636665434,0,1497705903457665000,map,55.55280303955078,4.328664302825928,-2.006254196166992,0.0018962264750638374,0.021263911188975998,0.32179049318244957,0.9465701903052528
1681349319713731949,0,1497705903562509000,map,55.650978088378906,4.445183277130127,-1.99758780002594,0.0035506292499802292,0.021874121666789946,0.3259391051964123,0.9451309849519685
1681349319846890127,0,1497705903667331000,map,55.761268615722656,4.532277584075928,-2.01326060295105,0.0037321765889164276,0.02010767179108431,0.333321129187235,0.9425915027464264
1681349319926604263,0,1497705903772194000,map,55.85085678100586,4.605617523193359,-2.031402826309204,0.0034551285233437815,0.01954837441007695,0.34077945019025563,0.9399336460338138
1681349320038599704,0,1497705903877018000,map,55.96025848388672,4.6873860359191895,-2.0551698207855225,0.0034039639406322816,0.024862190688100916,0.3472944657384498,0.9374203012286154
1681349320200072205,0,1497705903981858000,map,56.06277084350586,4.787406921386719,-2.0720245838165283,0.002815858648252421,0.028122058705129013,0.35237201607915186,0.9354331518829011
1681349320233630906,0,1497705904086699000,map,56.1557731628418,4.849863529205322,-2.063053846359253,0.004682689071204792,0.026528662094326375,0.35858547783075095,0.9331081116866965
1681349320341813680,0,1497705904191530000,map,56.244972229003906,4.926828861236572,-2.035917043685913,0.007190477210660027,0.022708689267720624,0.36431078531330013,0.9309727336007871
1681349320445354247,0,1497705904296381000,map,56.34339904785156,4.979946136474609,-2.0503830909729004,0.006878600154305093,0.022918468958149918,0.3712421482054303,0.9282277130679507
1681349320546074307,0,1497705904401197000,map,56.44144821166992,5.069860935211182,-2.091418743133545,0.006532825382550081,0.02269886105278058,0.3774189535969526,0.9257413316321363
1681349320657188033,0,1497705904506069000,map,56.539161682128906,5.147066116333008,-2.0963926315307617,0.006936689051351588,0.02444140883460454,0.38339407936637404,0.9232353260228356
1681349320758353374,0,1497705904610910000,map,56.65937805175781,5.2187933921813965,-2.0650577545166016,0.0075760714631911185,0.023827033204453722,0.3892319333157015,0.9208003990115098
1681349320858656315,0,1497705904715728000,map,56.75062561035156,5.307634353637695,-2.1081573963165283,0.009111912613796392,0.02478028536005972,0.3955727278499996,0.9180550879600541
1681349320969662936,0,1497705904820590000,map,56.83937454223633,5.398906230926514,-2.1188127994537354,0.009174454351421953,0.02506326526368551,0.4027129173997747,0.9149371388604878
1681349321070589139,0,1497705904925423000,map,56.92560577392578,5.459770202636719,-2.081655502319336,0.014721383772723569,0.024211305365276027,0.4088934713493454,0.9121420811541976
1681349321187126303,0,1497705905030267000,map,56.984100341796875,5.561614036560059,-2.0799367427825928,0.014497075378672267,0.026108290056694707,0.4149269217242158,0.9093645360678905
1681349321321652303,0,1497705905135120000,map,57.07005310058594,5.638522148132324,-2.120185613632202,0.012236463968575159,0.024822556450395036,0.42251495603072087,0.9059333494709123
1681349321385328194,0,1497705905239970000,map,57.157081604003906,5.724269390106201,-2.1148858070373535,0.014791021411969812,0.028777861042749694,0.4298819560497927,0.9023051232992073
1681349321585893515,0,1497705905344797000,map,57.201393127441406,5.810817718505859,-2.0924274921417236,0.015213972433601506,0.03179920376013159,0.43755432720269216,0.8985007222363218
1681349321598796008,0,1497705905449639000,map,57.29133224487305,5.900968551635742,-2.1270594596862793,0.01630016282590855,0.03135447530989875,0.44485672512530683,0.8949042879238892
1681349321745226198,0,1497705905554478000,map,57.355831146240234,6.0057549476623535,-2.144360303878784,0.018043317080128053,0.03231713901966692,0.45212480288915585,0.8911863950233878
1681349321808598698,0,1497705905659316000,map,57.434043884277344,6.123307704925537,-2.132439136505127,0.017247364062766526,0.03356346894642205,0.45982523296384664,0.8872072831837408
1681349321948255101,0,1497705905764155000,map,57.50531005859375,6.227729797363281,-2.152498960494995,0.0179712761904755,0.03358350134904241,0.4680018573799326,0.8829062167361309
1681349322023906858,0,1497705905869006000,map,57.58489227294922,6.346389293670654,-2.1560723781585693,0.01926093002131064,0.03282362742033019,0.47511758526696474,0.8790989304312234
1681349322158755910,0,1497705905973823000,map,57.670989990234375,6.466159820556641,-2.147451877593994,0.01901092844319159,0.036412177607572656,0.48257271834419624,0.8748921855852438
1681349322223214948,0,1497705906078672000,map,57.740272521972656,6.58125638961792,-2.1844842433929443,0.019147624043941585,0.03872831731428686,0.4898041486211482,0.870761388829064
1681349322370529713,0,1497705906183518000,map,57.80296325683594,6.692337989807129,-2.182565212249756,0.020278031426156754,0.038051407264233,0.4978750036121831,0.8661763077859279
1681349322435044453,0,1497705906288359000,map,57.88418197631836,6.785099029541016,-2.1678295135498047,0.022286282116593524,0.03913416610722951,0.5047062036406745,0.8621157031913774
1681349322584094035,0,1497705906393195000,map,57.9588737487793,6.887843132019043,-2.2144479751586914,0.023203760488736173,0.039317908673641405,0.5117864123480919,0.8578988141269227
1681349322645577122,0,1497705906498036000,map,58.016109466552734,6.992776870727539,-2.2038562297821045,0.02364253496222151,0.03866211140680855,0.5190045997240621,0.8535692778599864
1681349322833273561,0,1497705906602886000,map,58.069236755371094,7.089755535125732,-2.2097291946411133,0.024421201464243952,0.039074984320293445,0.5259106011744503,0.8492907836600174
1681349322855776983,0,1497705906707722000,map,58.13911819458008,7.1677961349487305,-2.2144901752471924,0.02614262171522168,0.03589232384613546,0.5328743717064188,0.8450285311190663
1681349322988071837,0,1497705906812554000,map,58.190345764160156,7.271043300628662,-2.209681987762451,0.025990660291987887,0.036392314032055055,0.5401852636643991,0.8403570558234283
1681349323069087939,0,1497705906917404000,map,58.25170135498047,7.411691665649414,-2.1897530555725098,0.024145070337842096,0.04401335326256632,0.5481507407105529,0.8348715840318467
1681349323176367131,0,1497705907022251000,map,58.33773422241211,7.520242691040039,-2.2585434913635254,0.022454297415617202,0.04145104113932069,0.5544858636317918,0.8308568017343148
1681349323310066421,0,1497705907127089000,map,58.36058807373047,7.607884883880615,-2.271873950958252,0.025154774805973282,0.036982613088596614,0.5610063057105856,0.8266023456798178
1681349323386611057,0,1497705907231915000,map,58.4141731262207,7.716092109680176,-2.2249491214752197,0.026877247699151233,0.03742042455271428,0.5681833307817902,0.8216112437031738
1681349323497474660,0,1497705907336762000,map,58.45855712890625,7.8171162605285645,-2.2500321865081787,0.026430577903794907,0.038218393765853675,0.5746367875846436,0.8170883122162287
1681349323617295558,0,1497705907441601000,map,58.46913146972656,7.919960021972656,-2.287821054458618,0.0265340554755978,0.0359690006333692,0.5807889213664003,0.812826178258534
1681349323702529720,0,1497705907546427000,map,58.49418640136719,8.04934310913086,-2.271636724472046,0.027164723530969555,0.03500298703657487,0.5879794490580302,0.8076614589157882
1681349323830593604,0,1497705907651265000,map,58.51470947265625,8.105268478393555,-2.259608507156372,0.027232068850188064,0.030847754985898135,0.5959310383138089,0.8019806834380497
1681349323908625198,0,1497705907756118000,map,58.56034851074219,8.26380443572998,-2.277205228805542,0.022184999373002223,0.03157089347143546,0.6029788815298777,0.7968234157695754
1681349324009236717,0,1497705907860951000,map,58.60237503051758,8.419780731201172,-2.279733657836914,0.024865451862999526,0.032137101972207205,0.6110723805644612,0.7905311136703654
1681349324164194872,0,1497705907965807000,map,58.63316345214844,8.578851699829102,-2.246689796447754,0.024289843460665372,0.03200394018693116,0.618049778320358,0.785111592099801
1681349324218532741,0,1497705908070617000,map,58.676055908203125,8.69296932220459,-2.2646610736846924,0.02744653006240728,0.0283695024745043,0.6223938270598306,0.7817082324855932
1681349324319004879,0,1497705908175477000,map,58.688663482666016,8.819798469543457,-2.2744271755218506,0.027075495724316213,0.026187850926665708,0.6296848695295583,0.775936897564123
1681349324429569649,0,1497705908280312000,map,58.730308532714844,8.955611228942871,-2.296940803527832,0.02661312785537578,0.028544940305052568,0.6374423498169327,0.7695090561779088
1681349324530529139,0,1497705908385177000,map,58.767784118652344,9.094310760498047,-2.283763885498047,0.02691061199622417,0.02582719366638227,0.643110173281994,0.7648647362944162
1681349324641833035,0,1497705908490028000,map,58.81015396118164,9.222646713256836,-2.28128719329834,0.02803637960886128,0.02422585712180115,0.6488777984024718,0.7599899309010495
1681349324741994937,0,1497705908594838000,map,58.8754997253418,9.385431289672852,-2.30887508392334,0.026541247623832757,0.023403419847578103,0.6555483790921799,0.7543236486225984
1681349324844113298,0,1497705908699685000,map,58.89110565185547,9.502678871154785,-2.2760426998138428,0.02663181181547726,0.023496879135845944,0.6615563636703296,0.7490539519697956
1681349324967316236,0,1497705908804526000,map,58.92006301879883,9.627010345458984,-2.324428081512451,0.030419176772436374,0.020666881061691785,0.6679909023354067,0.7432602119656071
1681349325089240953,0,1497705908909387000,map,58.940582275390625,9.769552230834961,-2.2486965656280518,0.03347081054553228,0.013580198245603279,0.6733417072640467,0.7384485025026123
1681349325175242476,0,1497705909014214000,map,59.00408935546875,9.8919677734375,-2.32348370552063,0.028430299270428484,0.023986866386832156,0.6819554629411153,0.7304472129625122
1681349325341057454,0,1497705909119037000,map,59.010902404785156,9.971821784973145,-2.3127360343933105,0.032412690228568505,0.017505731516149082,0.6939817115813791,0.7190496180427808
1681349325372337565,0,1497705909223911000,map,59.0056037902832,10.101739883422852,-2.283409833908081,0.03266100467835603,0.01835633835409869,0.7060793361835002,0.7071409167168772
1681349325526568244,0,1497705909328718000,map,59.013675689697266,10.23425579071045,-2.2836828231811523,0.029530760909410664,0.022299358994248283,0.7169647327065051,0.6961266065960618
1681349325583517605,0,1497705909433588000,map,59.02419662475586,10.34929084777832,-2.3027098178863525,0.029970245489855673,0.022605973765144474,0.7280859845137665,0.6844570934253326
1681349325722088137,0,1497705909538401000,map,58.999210357666016,10.42755126953125,-2.3035850524902344,0.032305518537019975,0.018740691691097378,0.7378743990217083,0.673903971010826
1681349325804525220,0,1497705909643264000,map,58.98631286621094,10.556447982788086,-2.287292718887329,0.032491089125488815,0.02041760021017155,0.7483959048588332,0.662141260431472
1681349325926107417,0,1497705909748115000,map,58.94764709472656,10.671809196472168,-2.273139238357544,0.030376530950103797,0.02263281176763178,0.7591444342463592,0.6498190140699917
1681349326017509704,0,1497705909852932000,map,58.901702880859375,10.788091659545898,-2.2832155227661133,0.03212761126513835,0.022862405948378472,0.7696929846216548,0.6371952771969895
1681349326127701665,0,1497705909957762000,map,58.87269592285156,10.910449028015137,-2.288019895553589,0.032114264351899104,0.025599753811248446,0.7790271059475988,0.6256437294592594
1681349326243289935,0,1497705910062621000,map,58.81614303588867,11.05945110321045,-2.2835779190063477,0.0303096061942011,0.024441635838984288,0.7889055908488087,0.6132796038465822
1681349326322140773,0,1497705910167451000,map,58.81684112548828,11.20434284210205,-2.2547647953033447,0.035785203369746194,0.018736815504906346,0.7984271501879285,0.6007348721068292
1681349326460360360,0,1497705910272304000,map,58.75294876098633,11.302959442138672,-2.3045248985290527,0.035932691688757075,0.015920330558027506,0.8083741957971119,0.5873555190908195
1681349326534452611,0,1497705910377143000,map,58.74079513549805,11.454866409301758,-2.290501356124878,0.03574316678200466,0.013991501998579627,0.8173785382770568,0.5748208775056569
1681349326710423161,0,1497705910482001000,map,58.72304916381836,11.590725898742676,-2.2791056632995605,0.03658993685677349,0.012996466423040552,0.8260994628618479,0.5621849210763742
1681349326739096170,0,1497705910586819000,map,58.67237854003906,11.72209358215332,-2.278752326965332,0.03616017297331224,0.013844953143874857,0.8355299895862628,0.5480788332375613
1681349326879821205,0,1497705910691676000,map,58.62624740600586,11.856932640075684,-2.2711164951324463,0.03605817742672194,0.014476944633037607,0.8433538743345501,0.5359519764693919
1681349326952250104,0,1497705910796503000,map,58.6085205078125,11.984119415283203,-2.259108781814575,0.03674833564045588,0.01274503935364227,0.851855847011596,0.5223301233539082
1681349327094650363,0,1497705910901364000,map,58.57106399536133,12.107030868530273,-2.2821712493896484,0.0342888974537629,0.015278565364388522,0.8602344593096223,0.5085149454923102
1681349327160362937,0,1497705911006166000,map,58.53400421142578,12.243847846984863,-2.2416210174560547,0.03597054438501492,0.014581987059282068,0.8679076031589958,0.4952069011976883
1681349327308398880,0,1497705911111027000,map,58.48033905029297,12.356657981872559,-2.2732338905334473,0.035931658912904604,0.013839138633703757,0.8756320322613413,0.4814415092849317
1681349327368123307,0,1497705911215888000,map,58.43417739868164,12.448243141174316,-2.243480682373047,0.03563884206687099,0.013039767500379206,0.8829324691412032,0.4679637913475036
